parish_name,parish_code,ever_iline
EDS FÖRSAMLING AB LÄN,11401000,0
HAMMARBY FÖRSAMLING AB LÄN,11402000,0
FRESTA FÖRSAMLING,11403000,0
VALLENTUNA FÖRSAMLING,11501000,0
MARKIMS FÖRSAMLING,11502000,0
ORKESTA FÖRSAMLING,11503000,0
FRÖSUNDA FÖRSAMLING,11504000,0
KÅRSTA FÖRSAMLING,11505000,0
VADA FÖRSAMLING,11506000,0
ÖSSEBY GARNS FÖRSAMLING,11507000,0
ANGARNS FÖRSAMLING,11508000,0
ÖSTRA RYDS FÖRSAMLING AB LÄN,11701000,0
ÖSTERÅKERS FÖRSAMLING AB LÄN,11702000,0
LJUSTERÖ FÖRSAMLING,11703000,0
ROSLAGS KULLA FÖRSAMLING,11704000,0
VÄRMDÖ FÖRSAMLING,12001000,0
MÖJA FÖRSAMLING,12002000,0
DJURÖ FÖRSAMLING,12003000,0
NÄMDÖ FÖRSAMLING,12004000,0
INGARÖ FÖRSAMLING,12005000,0
JÄRFÄLLA FÖRSAMLING,12301000,0
MUNSÖ FÖRSAMLING,12501000,0
ADELSÖ FÖRSAMLING,12502000,0
EKERÖ FÖRSAMLING,12503000,0
LOVÖ FÖRSAMLING,12504000,0
HILLESHÖGS FÖRSAMLING,12505000,0
SKÅ FÖRSAMLING,12506000,0
SÅNGA FÖRSAMLING AB LÄN,12507000,0
FÄRENTUNA FÖRSAMLING,12508000,0
HUDDINGE FÖRSAMLING,12601000,0
BOTKYRKA FÖRSAMLING,12701000,0
GRÖDINGE FÖRSAMLING,12702000,0
SALEMS FÖRSAMLING,12801000,0
ÖSTERHANINGE FÖRSAMLING,13601000,0
UTÖ FÖRSAMLING,13603000,0
ORNÖ FÖRSAMLING,13604000,0
DALARÖ FÖRSAMLING,13605000,0
VÄSTERHANINGE FÖRSAMLING,13606000,0
MUSKÖ FÖRSAMLING,13607000,0
TYRESÖ FÖRSAMLING,13801000,0
BRO FÖRSAMLING AB LÄN,13901000,0
LÅSSA FÖRSAMLING,13902000,0
KUNGSÄNGENS FÖRSAMLING,13903000,0
VÄSTRA RYDS FÖRSAMLING AB LÄN,13904000,0
HÅBO TIBBLE FÖRSAMLING,13905000,0
HÅTUNA FÖRSAMLING,13906000,0
TÄBY FÖRSAMLING AB LÄN,16001000,0
DANDERYDS FÖRSAMLING,16201000,0
SOLLENTUNA FÖRSAMLING,16301000,0
STOCKHOLMS DOMKYRKOFÖRSAMLING,18001000,0
ADOLF FREDRIKS FÖRSAMLING,18005000,0
HEDVIG ELEONORA FÖRSAMLING,18010000,0
MARIA MAGDALENA FÖRSAMLING,18013000,0
KATARINA FÖRSAMLING,18015000,0
KUNGSHOLM ELLER ULRIKA ELEONORA,18018000,0
BRÄNNKYRKA FÖRSAMLING,18021000,0
BROMMA FÖRSAMLING AB LÄN,18027000,0
SPÅNGA FÖRSAMLING,18041000,0
SÖDERTÄLJE FÖRSAMLING,18101000,0
ÖSTERTÄLJE FÖRSAMLING,18102000,0
TVETA FÖRSAMLING AB LÄN,18103000,0
YTTERENHÖRNA FÖRSAMLING,18104001,0
ÖVERENHÖRNA FÖRSAMLING,18104002,0
TURINGE FÖRSAMLING,18105000,0
VÅRDINGE FÖRSAMLING,18106000,0
ÖVERJÄRNA FÖRSAMLING,18107000,0
YTTERJÄRNA FÖRSAMLING,18108000,0
TAXINGE FÖRSAMLING,18109000,0
HÖLÖ FÖRSAMLING,18110000,0
MÖRKÖ FÖRSAMLING,18111000,0
NACKA FÖRSAMLING,18201000,0
BOO FÖRSAMLING,18203000,0
SOLNA FÖRSAMLING,18401000,0
LIDINGÖ FÖRSAMLING,18601000,0
VAXHOLMS FÖRSAMLING,18701000,0
NORRTÄLJE FÖRSAMLING,18801000,0
VÄDDÖ FÖRSAMLING,18803000,0
SINGÖ FÖRSAMLING,18804000,0
HÄVERÖ FÖRSAMLING,18805000,0
EDEBO FÖRSAMLING,18806000,0
UNUNGE FÖRSAMLING,18807000,0
EDSBRO FÖRSAMLING,18808000,0
FASTERNA FÖRSAMLING,18809000,0
RIMBO FÖRSAMLING,18810000,0
RÖ FÖRSAMLING,18811000,0
SKEDERIDS FÖRSAMLING,18812000,0
HUSBY SJUHUNDRA FÖRSAMLING,18813000,0
GOTTRÖRA FÖRSAMLING,18814000,0
NÄRTUNA FÖRSAMLING,18815000,0
MALSTA FÖRSAMLING,18816000,0
LOHÄRADS FÖRSAMLING,18817000,0
ESTUNA FÖRSAMLING,18818000,0
SÖDERBY KARLS FÖRSAMLING,18819000,0
ROSLAGS BRO FÖRSAMLING,18820000,0
VÄTÖ FÖRSAMLING,18821000,0
RÅDMANSÖ FÖRSAMLING,18822000,0
FRÖTUNA FÖRSAMLING,18823000,0
BLIDÖ FÖRSAMLING,18824000,0
LÄNNA FÖRSAMLING AB LÄN,18825000,0
RIALA FÖRSAMLING,18826000,0
SIGTUNA FÖRSAMLING,19101000,0
SANKT OLOFS FÖRSAMLING AB LÄN,19102000,0
SANKT PERS FÖRSAMLING,19103000,0
HAGA FÖRSAMLING AB LÄN,19104000,0
ODENSALA FÖRSAMLING,19105000,0
HUSBY ÄRLINGHUNDRA FÖRSAMLING,19106000,0
SKÅNELA FÖRSAMLING,19107000,0
NORRSUNDA FÖRSAMLING,19108000,0
SKEPPTUNA FÖRSAMLING,19109000,0
LUNDA FÖRSAMLING AB LÄN,19110000,0
VIDBO FÖRSAMLING,19111000,0
SORUNDA FÖRSAMLING,19202000,0
TORÖ FÖRSAMLING,19203000,0
ÖSMO FÖRSAMLING,19204000,0
KALMARS FÖRSAMLING,30501000,0
YTTERGRANS FÖRSAMLING,30502000,0
ÖVERGRANS FÖRSAMLING,30503000,0
HÄGGEBY FÖRSAMLING,30504000,0
SKOKLOSTERS FÖRSAMLING,30505000,0
ÄLVKARLEBY FÖRSAMLING,31901000,1
TOLFTA FÖRSAMLING,36001000,1
VENDELS FÖRSAMLING,36003000,0
TEGELSMORA FÖRSAMLING,36004000,1
TIERPS FÖRSAMLING,36005000,1
SÖDERFORS FÖRSAMLING,36006000,1
VÄSTLANDS FÖRSAMLING,36007000,1
ÖSTERLÖVSTA FÖRSAMLING,36008000,0
HÅLLNÄS FÖRSAMLING,36009000,0
UPPSALA DOMKYRKOFÖRSAMLING,38001000,0
HELGA TREFALDIGHETS FÖRSAMLING,38002000,0
GAMLA UPPSALA FÖRSAMLING,38003000,0
VAKSALA FÖRSAMLING,38004000,0
DANMARKS FÖRSAMLING,38005000,0
FUNBO FÖRSAMLING,38006000,0
HAGBY FÖRSAMLING C LÄN,38007000,0
RAMSTA FÖRSAMLING,38008000,0
BALINGSTA FÖRSAMLING,38009000,0
VÄSTERÅKERS FÖRSAMLING,38010000,0
DALBY FÖRSAMLING C LÄN,38011000,0
UPPSALA NÄS FÖRSAMLING,38012000,0
VÄNGE OCH LÄBY FÖRSAMLING,38014002,0
ÅLANDS FÖRSAMLING,38015000,0
SKOGS TIBBLE FÖRSAMLING,38016000,0
JÄRLÅSA FÖRSAMLING,38017000,0
JUMKILS FÖRSAMLING,38018000,0
BÖRJE FÖRSAMLING,38019000,0
ÅKERBY FÖRSAMLING,38020000,0
BÄLINGE FÖRSAMLING C LÄN,38021000,0
SKUTTUNGE FÖRSAMLING,38022000,0
TENSTA FÖRSAMLING,38023000,0
LENA FÖRSAMLING C LÄN,38024000,0
ÄRENTUNA FÖRSAMLING,38025000,0
BJÖRKLINGE FÖRSAMLING,38026000,0
VIKSTA FÖRSAMLING,38027000,0
KNUTBY FÖRSAMLING,38028000,0
BLADÅKERS FÖRSAMLING,38029000,0
FARINGE FÖRSAMLING,38030000,0
ALMUNGE FÖRSAMLING,38031000,0
LAGGA FÖRSAMLING,38032000,0
ALSIKE FÖRSAMLING,38033000,0
VASSUNDA FÖRSAMLING,38034000,0
KNIVSTA FÖRSAMLING,38035000,0
ÖSTUNA FÖRSAMLING,38036000,0
HUSBY LÅNGHUNDRA FÖRSAMLING,38037000,0
STAVBY FÖRSAMLING,38039000,0
TUNA FÖRSAMLING C LÄN,38040000,0
RASBO FÖRSAMLING,38041000,0
RASBOKILS FÖRSAMLING,38042000,0
ENKÖPINGS FÖRSAMLING,38101000,0
ENKÖPINGS NÄS FÖRSAMLING,38102000,0
TEDA FÖRSAMLING,38103000,0
SVINNEGARNS FÖRSAMLING,38104000,0
TILLINGE FÖRSAMLING,38105000,0
BREDS FÖRSAMLING,38106000,0
SPARRSÄTRA FÖRSAMLING,38107000,0
BOGLÖSA FÖRSAMLING,38109000,0
LILLKYRKA FÖRSAMLING C LÄN,38110000,0
VALLBY FÖRSAMLING C LÄN,38111000,0
KUNGS HUSBY FÖRSAMLING,38112000,0
ARNÖ FÖRSAMLING,38112002,0
TORSVI FÖRSAMLING,38113000,0
VECKHOLMS FÖRSAMLING,38114000,0
HACKSTA FÖRSAMLING,38115000,0
LÖTS FÖRSAMLING C LÄN,38116000,0
VILLBERGA FÖRSAMLING,38117000,0
HUSBY SJUTOLFTS FÖRSAMLING,38118000,0
LITSLENA FÖRSAMLING,38119000,0
HÄRKEBERGA FÖRSAMLING,38120000,0
HOLMS FÖRSAMLING C LÄN,38121000,0
FITTJA FÖRSAMLING,38122000,0
KULLA FÖRSAMLING,38123000,0
HJÄLSTA FÖRSAMLING,38124000,0
GIRESTA FÖRSAMLING,38125000,0
FRÖSLUNDA FÖRSAMLING,38126000,0
BISKOPSKULLA FÖRSAMLING,38127000,0
LÅNGTORA FÖRSAMLING,38128000,0
NYSÄTRA FÖRSAMLING C LÄN,38129000,0
GRYTA FÖRSAMLING,38130000,0
SIMTUNA FÖRSAMLING,38131000,0
FRÖSTHULTS FÖRSAMLING,38132000,0
HÄRNEVI FÖRSAMLING,38133000,0
TORSTUNA FÖRSAMLING,38134000,0
ÖSTERUNDA FÖRSAMLING,38135000,0
ALTUNA FÖRSAMLING,38136000,0
ÖSTHAMMARS FÖRSAMLING,38201000,0
FORSMARKS FÖRSAMLING,38202000,0
VALÖ FÖRSAMLING,38203000,0
BÖRSTILS FÖRSAMLING,38204000,0
HÖKHUVUDS FÖRSAMLING,38205000,0
HARGS FÖRSAMLING,38206000,0
ÖREGRUNDS FÖRSAMLING,38207000,0
GRÄSÖ FÖRSAMLING,38208000,0
ALUNDA FÖRSAMLING,38209000,0
EKEBY FÖRSAMLING C LÄN,38210000,0
SKÄFTHAMMARS FÖRSAMLING,38211000,0
MORKARLA FÖRSAMLING,38212000,0
FILMS FÖRSAMLING,38213000,0
DANNEMORA FÖRSAMLING,38214000,1
VÄSTRA VINGÅKERS FÖRSAMLING,42801000,0
ÖSTERÅKERS FÖRSAMLING D LÄN,42802000,0
NYKÖPINGS SANKT NICOLAI FÖRSAMLING,48001000,0
NYKÖPINGS ALLA HELGONA FÖRSAMLING,48002000,0
SVÄRTA FÖRSAMLING,48004000,0
TUNABERGS FÖRSAMLING,48005000,0
BERGSHAMMARS FÖRSAMLING,48006000,0
TUNA FÖRSAMLING D LÄN,48007000,0
LUNDA FÖRSAMLING D LÄN,48008000,0
KILA FÖRSAMLING D LÄN,48009000,0
STIGTOMTA FÖRSAMLING,48010000,0
HALLA FÖRSAMLING D LÄN,48011000,0
NYKYRKA FÖRSAMLING D LÄN,48012000,0
BÄRBO FÖRSAMLING,48013000,0
RÅBY RÖNÖ FÖRSAMLING,48014000,0
LIDS FÖRSAMLING,48015000,0
RIPSA FÖRSAMLING,48016000,0
LUDGO FÖRSAMLING,48017000,0
SPELVIKS FÖRSAMLING,48018000,0
RUNTUNA FÖRSAMLING,48019000,0
TYSTBERGA FÖRSAMLING,48020000,0
LÄSTRINGE FÖRSAMLING,48023000,0
BOGSTA FÖRSAMLING,48023002,0
SÄTTERSTA FÖRSAMLING,48023003,0
TORSÅKERS FÖRSAMLING D LÄN,48023004,0
BÄLINGE FÖRSAMLING D LÄN,48024000,0
HUSBY OPPUNDA FÖRSAMLING,48026000,0
VRENA FÖRSAMLING,48027000,0
TROSA STADSFÖRSAMLING,48028000,0
FRUSTUNA FÖRSAMLING,48029001,0
KATTNÄS FÖRSAMLING,48029002,0
VÄSTERLJUNGS FÖRSAMLING,48030000,0
TROSA LANDSFÖRSAMLING,48031002,0
VAGNHÄRADS FÖRSAMLING,48031003,0
GÅSINGE FÖRSAMLING,48032001,0
DILLNÄS FÖRSAMLING,48032002,0
BJÖRNLUNDA FÖRSAMLING,48033000,0
GRYTS FÖRSAMLING D LÄN,48034000,0
FLENS FÖRSAMLING,48201000,0
HYLTINGE FÖRSAMLING,48202000,0
HELGESTA FÖRSAMLING,48203000,0
ÅRDALA FÖRSAMLING,48204000,0
LILLA MALMA FÖRSAMLING,48205000,0
DUNKERS FÖRSAMLING,48206000,0
MELLÖSA FÖRSAMLING,48207000,0
BETTNA FÖRSAMLING,48208000,0
BLACKSTA FÖRSAMLING,48209000,0
FORSSA FÖRSAMLING,48210000,0
VADSBRO FÖRSAMLING,48211000,0
BJÖRKVIKS FÖRSAMLING,48302000,0
LERBO FÖRSAMLING,48303000,0
SKÖLDINGE FÖRSAMLING,48304000,0
FLODA FÖRSAMLING D LÄN,48305000,0
STORA MALMS FÖRSAMLING,48306000,0
ÖSTRA VINGÅKERS FÖRSAMLING,48307000,0
JULITA FÖRSAMLING,48308000,0
FORS FÖRSAMLING,48401001,0
ESKILSTUNA FÖRSAMLING,48401002,0
KLOSTERS FÖRSAMLING,48402001,0
TORSHÄLLA FÖRSAMLING,48403000,0
BARVA FÖRSAMLING,48404000,0
JÄDERS FÖRSAMLING,48405000,0
KJULA FÖRSAMLING,48406000,0
HAMMARBY FÖRSAMLING D LÄN,48407000,0
SUNDBY FÖRSAMLING,48408000,0
VALLBY FÖRSAMLING D LÄN,48409000,0
HÄLLBY FÖRSAMLING,48410000,0
TUMBO FÖRSAMLING,48411000,0
RÅBY REKARNE FÖRSAMLING,48412000,0
GILLBERGA FÖRSAMLING D LÄN,48413000,0
LISTA FÖRSAMLING,48414000,0
ÖJA FÖRSAMLING D LÄN,48415000,0
VÄSTERMO FÖRSAMLING,48416000,0
NÄSHULTA FÖRSAMLING,48417000,0
HUSBY REKARNE FÖRSAMLING,48418000,0
STENKVISTA FÖRSAMLING,48419000,0
ÄRLA FÖRSAMLING,48420000,0
STRÄNGNÄS STADSFÖRSAMLING,48601002,0
STRÄNGNÄS LANDSFÖRSAMLING,48601004,0
ASPÖ FÖRSAMLING D LÄN,48603000,0
MARIEFREDS FÖRSAMLING,48604000,0
KÄRNBO FÖRSAMLING,48604001,0
LÄNNA FÖRSAMLING D LÄN,48605000,0
ÅKERS FÖRSAMLING D LÄN,48606000,0
TORESUNDS FÖRSAMLING,48607000,0
YTTERSELÖ FÖRSAMLING,48608000,0
ÖVERSELÖ FÖRSAMLING,48609000,0
VANSÖ FÖRSAMLING,48610000,0
FOGDÖ FÖRSAMLING,48611000,0
HELGARÖ FÖRSAMLING,48612000,0
HÄRADS FÖRSAMLING,48613000,0
STORA ÅBY FÖRSAMLING,50901000,0
ÖDESHÖGS FÖRSAMLING,50902000,0
SVANSHALS FÖRSAMLING,50903000,0
VÄSTRA TOLLSTADS FÖRSAMLING,50904000,0
HEDA FÖRSAMLING,50905000,0
RÖKS FÖRSAMLING,50906000,0
TREHÖRNA FÖRSAMLING,50907000,0
TORPA FÖRSAMLING E LÄN,51201000,0
ASBY FÖRSAMLING,51202000,0
SUNDS FÖRSAMLING,51203000,0
VÄSTRA RYDS FÖRSAMLING E LÄN,51204000,0
SVINHULTS FÖRSAMLING,51205000,0
NORRA VI FÖRSAMLING,51206000,0
TIDERSRUMS FÖRSAMLING,51301000,0
KISA FÖRSAMLING,51302000,0
VÄSTRA ENEBY FÖRSAMLING,51303000,0
HORNS FÖRSAMLING E LÄN,51304000,0
HYCKLINGE FÖRSAMLING,51305000,0
OPPEBY FÖRSAMLING,51306000,0
HÄGERSTADS FÖRSAMLING,51307000,0
KÄTTILSTADS FÖRSAMLING,51308000,0
TJÄRSTADS FÖRSAMLING,51309000,0
EKEBY FÖRSAMLING E LÄN,56002000,0
RINNA FÖRSAMLING,56003000,0
ÅSBO FÖRSAMLING,56004000,0
BLÅVIKS FÖRSAMLING,56005000,0
MALEXANDERS FÖRSAMLING,56006000,0
ÅTVIDS FÖRSAMLING,56101000,0
GREBO FÖRSAMLING,56102000,0
VÄRNA FÖRSAMLING,56103000,0
BJÖRSÄTERS FÖRSAMLING E LÄN,56104000,0
YXNERUMS FÖRSAMLING,56105000,0
HANNÄS FÖRSAMLING,56106000,0
GÄRDSERUMS FÖRSAMLING,56107000,0
RISINGE FÖRSAMLING,56201000,0
HÄLLESTADS FÖRSAMLING E LÄN,56202000,0
REGNA FÖRSAMLING,56203000,0
SKEDEVI FÖRSAMLING,56204000,0
RINGARUMS FÖRSAMLING,56302000,0
GRYTS FÖRSAMLING E LÄN,56304000,0
TRYSERUMS FÖRSAMLING,56305000,0
ÖSTRA EDS FÖRSAMLING,56306000,0
LINKÖPINGS DOMKYRKOFÖRSAMLING,58001000,0
LINKÖPINGS SANKT LARS FÖRSAMLING,58002000,0
LANDERYDS FÖRSAMLING,58003000,0
SLAKA FÖRSAMLING,58004000,0
KÄRNA FÖRSAMLING,58005000,0
KAGA FÖRSAMLING,58006000,0
LEDBERGS FÖRSAMLING,58007000,0
VISTS FÖRSAMLING,58008000,0
VÅRDNÄS FÖRSAMLING,58009000,0
SKEDA FÖRSAMLING,58010000,0
NYKILS FÖRSAMLING,58011000,0
ULRIKA FÖRSAMLING,58012000,0
GAMMALKILS FÖRSAMLING,58013000,0
SJÖGESTADS FÖRSAMLING,58014000,0
VÄSTERLÖSA FÖRSAMLING,58015000,0
BJÖRKEBERGS FÖRSAMLING,58016000,0
RAPPESTADS FÖRSAMLING,58017000,0
VIKINGSTADS FÖRSAMLING,58018000,0
VRETA KLOSTERS FÖRSAMLING,58019000,0
FLISTADS FÖRSAMLING E LÄN,58020000,0
LJUNGS FÖRSAMLING E LÄN,58021000,0
STJÄRNORPS FÖRSAMLING,58022000,0
ÖSTRA HARGS FÖRSAMLING,58023000,0
RYSTADS FÖRSAMLING,58024000,0
TÖRNEVALLA FÖRSAMLING,58025000,0
ÖSTRA SKRUKEBY FÖRSAMLING,58026000,0
LILLKYRKA FÖRSAMLING E LÄN,58027000,0
GISTADS FÖRSAMLING,58028000,0
ÖRTOMTA FÖRSAMLING,58029000,0
ASKEBY FÖRSAMLING,58030000,0
BANKEKINDS FÖRSAMLING,58031000,0
VÅRDSBERGS FÖRSAMLING,58032000,0
NORRKÖPINGS SANKT OLAI FÖRSAMLING,58101000,0
NORRKÖPINGS HEDVIGS FÖRSAMLING,58102000,0
NORRKÖPINGS MATTEUS FÖRSAMLING,58103000,0
NORRKÖPINGS ÖSTRA ENEBY FÖRSAMLING,58104000,0
NORRKÖPINGS BORGS FÖRSAMLING,58105000,0
NORRKÖPINGS SANKT JOHANNES FÖRSAMLING,58106000,0
STYRSTADS FÖRSAMLING,58107000,0
TINGSTADS FÖRSAMLING,58108000,0
KULLERSTADS FÖRSAMLING,58109000,0
VÅNGA FÖRSAMLING E LÄN,58110000,0
SKÄRKINDS FÖRSAMLING,58111000,0
KIMSTADS FÖRSAMLING,58112000,0
SIMONSTORPS FÖRSAMLING,58113000,0
KVILLINGE FÖRSAMLING,58114000,0
KROKEKS FÖRSAMLING,58115000,0
KVARSEBO FÖRSAMLING,58116000,0
ÖSTRA STENBY FÖRSAMLING,58117000,0
KONUNGSUNDS FÖRSAMLING,58118000,0
DAGSBERGS FÖRSAMLING,58119000,0
FURINGSTADS FÖRSAMLING,58120000,0
TÅBY FÖRSAMLING,58121000,0
KUDDBY FÖRSAMLING,58122000,0
Å FÖRSAMLING,58123000,0
ÖSTRA NY FÖRSAMLING,58124000,0
ÖSTRA HUSBY FÖRSAMLING,58125000,0
HÄRADSHAMMARS FÖRSAMLING,58126000,0
JONSBERGS FÖRSAMLING,58127000,0
RÖNÖ FÖRSAMLING,58128000,0
SANKT LAURENTII FÖRSAMLING,58201000,0
DROTHEMS FÖRSAMLING,58202000,0
SKÖNBERGA FÖRSAMLING,58203000,0
VÄSTRA HUSBY FÖRSAMLING,58204000,0
GÅRDEBY FÖRSAMLING,58205000,0
ÖSTRA RYDS FÖRSAMLING E LÄN,58206000,0
SKÄLLVIKS FÖRSAMLING,58207000,0
SANKT ANNA FÖRSAMLING,58208000,0
BÖRRUMS FÖRSAMLING,58209000,0
MOGATA FÖRSAMLING,58210000,0
MOTALA FÖRSAMLING,58301000,0
VINNERSTADS FÖRSAMLING,58301002,0
VÄSTRA NY FÖRSAMLING,58303000,0
GODEGÅRDS FÖRSAMLING,58304000,0
KRISTBERGS FÖRSAMLING,58305000,0
BRUNNEBY FÖRSAMLING,58306000,0
KLOCKRIKE FÖRSAMLING,58307000,0
ÄLVESTADS FÖRSAMLING,58308000,0
FORNÅSA FÖRSAMLING,58309000,0
LÖNSÅS FÖRSAMLING,58310000,0
EKEBYBORNA FÖRSAMLING,58311000,0
ASKS FÖRSAMLING E LÄN,58312000,0
TJÄLLMO FÖRSAMLING,58322000,0
VARV OCH STYRA FÖRSAMLING,58323000,0
VÄSTRA STENBY FÖRSAMLING,58324000,0
FIVELSTADS FÖRSAMLING,58326000,0
VADSTENA FÖRSAMLING,58401000,0
SANKT PERS FÖRSAMLING VADSTENA LANDS,58401002,0
STRÅ FÖRSAMLING,58403000,0
NÄSSJA FÖRSAMLING,58404000,0
ÖRBERGA FÖRSAMLING,58405000,0
HERRESTADS FÖRSAMLING E LÄN,58406000,0
KÄLLSTADS FÖRSAMLING,58407000,0
ROGSLÖSA FÖRSAMLING,58408000,0
VÄVERSUNDA FÖRSAMLING,58409000,0
HOVS FÖRSAMLING E LÄN,58410000,0
HAGEBYHÖGA FÖRSAMLING,58411000,0
ORLUNDA FÖRSAMLING,58412000,0
MJÖLBY FÖRSAMLING,58601000,0
HÖGBY FÖRSAMLING E LÄN,58602000,0
SKÄNNINGE FÖRSAMLING,58603000,0
BJÄLBO FÖRSAMLING,58604000,0
ALLHELGONA FÖRSAMLING E LÄN,58605000,0
JÄRSTADS FÖRSAMLING,58606000,0
NORMLÖSA FÖRSAMLING,58607000,0
VALLERSTADS FÖRSAMLING,58608000,0
SKEPPSÅS FÖRSAMLING,58609000,0
APPUNA FÖRSAMLING,58610000,0
HOGSTADS FÖRSAMLING,58611000,0
VÄDERSTADS FÖRSAMLING,58612000,0
KUMLA FÖRSAMLING E LÄN,58613000,0
VÄSTRA HARGS FÖRSAMLING,58614000,0
SYA FÖRSAMLING,58615000,0
ÖSTRA TOLLSTADS FÖRSAMLING,58616000,0
VIBY FÖRSAMLING E LÄN,58617000,0
VETA FÖRSAMLING,58618000,0
HERRBERGA FÖRSAMLING,58619000,0
BÄLARYDS FÖRSAMLING,60401000,0
BREDESTADS FÖRSAMLING,60402000,0
ASKERYDS FÖRSAMLING,60403000,0
MARBÄCKS FÖRSAMLING F LÄN,60404000,0
FRINNARYDS FÖRSAMLING,60405000,0
LOMMARYDS FÖRSAMLING,60406000,0
HAURIDA FÖRSAMLING,60407000,0
VIREDA FÖRSAMLING,60408000,0
KÄLLERYDS FÖRSAMLING,61701000,0
ÅSENHÖGA FÖRSAMLING,61702000,0
KÄVSJÖ FÖRSAMLING,61703000,0
KULLTORPS FÖRSAMLING F LÄN,61704000,0
GNOSJÖ FÖRSAMLING,61705000,0
GISLAVEDS FÖRSAMLING,66201000,0
VÅTHULTS FÖRSAMLING,66202000,0
BOSEBO FÖRSAMLING,66203000,0
ANDERSTORPS FÖRSAMLING,66204000,0
STENGÅRDSHULTS FÖRSAMLING,66205000,0
VALDSHULTS FÖRSAMLING,66206000,0
ÖRERYDS FÖRSAMLING,66207000,0
NORRA HESTRA FÖRSAMLING,66208000,0
VILLSTADS FÖRSAMLING,66209000,0
BURSERYDS FÖRSAMLING,66210000,0
SANDVIKS FÖRSAMLING,66211000,0
GRYTERYDS FÖRSAMLING,66212000,0
SÖDRA HESTRA FÖRSAMLING,66213000,0
ÅS FÖRSAMLING F LÄN,66214000,0
KÅLLERSTADS FÖRSAMLING,66215000,0
REFTELE FÖRSAMLING,66216000,0
BYARUMS FÖRSAMLING,66501000,0
BONDSTORPS FÖRSAMLING,66502000,0
TOFTERYDS FÖRSAMLING,66503000,0
HAGSHULTS FÖRSAMLING,66504000,0
ÅKERS FÖRSAMLING F LÄN,66505000,0
SVENARUMS FÖRSAMLING,66506000,0
JÖNKÖPINGS SOFIA FÖRSAMLING,68001000,0
JÖNKÖPINGS KRISTINA FÖRSAMLING,68002000,0
LJUNGARUMS FÖRSAMLING,68003000,0
JÄRSTORPS FÖRSAMLING,68004000,0
HAKARPS FÖRSAMLING,68006000,0
GRÄNNA STADSFÖRSAMLING,68007002,0
GRÄNNA LANDSFÖRSAMLING,68007003,0
NORRAHAMMARS FÖRSAMLING,68008000,0
VISINGSÖ FÖRSAMLING,68009000,0
SKÄRSTADS FÖRSAMLING,68010000,0
ÖLMSTADS FÖRSAMLING,68011000,0
SVARTTORPS FÖRSAMLING,68012000,0
JÄRSNÄS FÖRSAMLING,68013000,0
LEKERYDS FÖRSAMLING,68014000,0
ROGBERGA FÖRSAMLING,68015000,0
BARNARPS FÖRSAMLING,68016000,0
ÖDESTUGU FÖRSAMLING,68017000,0
ÖGGESTORPS FÖRSAMLING,68018000,0
MÅNSARPS FÖRSAMLING,68019000,0
BANKERYDS FÖRSAMLING,68020000,0
BOTTNARYDS FÖRSAMLING,68021000,0
MULSERYDS FÖRSAMLING,68022000,0
ANGERDSHESTRA FÖRSAMLING,68023000,0
NORRA UNNARYDS FÖRSAMLING,68024000,0
NÄSSJÖ FÖRSAMLING,68201000,0
BRINGETOFTA FÖRSAMLING,68204000,0
NORRA SOLBERGA FÖRSAMLING,68205000,0
FLISBY FÖRSAMLING,68206000,0
FORSERUMS FÖRSAMLING,68207000,0
BARKERYDS FÖRSAMLING,68208000,0
MALMBÄCKS FÖRSAMLING,68209000,0
ALMESÅKRA FÖRSAMLING,68210000,0
NORRA SANDSJÖ FÖRSAMLING,68271000,0
VÄRNAMO FÖRSAMLING,68301000,0
BREDARYDS FÖRSAMLING,68302000,0
KULLTORPS FÖRSAMLING F LÄN,68303000,0
KÄRDA FÖRSAMLING,68304000,0
HÅNGERS FÖRSAMLING,68305000,0
FORSHEDA FÖRSAMLING,68306000,0
TORSKINGE FÖRSAMLING,68307000,0
DANNÄS FÖRSAMLING,68308000,0
TÅNNÖ FÖRSAMLING,68309000,0
VOXTORPS FÖRSAMLING F LÄN,68310000,0
GÄLLARYDS FÖRSAMLING,68311000,0
RYDAHOLMS FÖRSAMLING,68312000,0
FRYELE FÖRSAMLING,68313000,0
NYDALA FÖRSAMLING,68314000,0
SÄVSJÖ FÖRSAMLING,68401000,0
VALLSJÖ FÖRSAMLING,68401002,0
HJÄRTLANDA FÖRSAMLING,68402000,0
VRIGSTADS FÖRSAMLING,68403000,0
HYLLETOFTA FÖRSAMLING,68404000,0
SKEPPERSTADS FÖRSAMLING,68405000,0
HJÄLMSERYDS FÖRSAMLING,68406000,0
STOCKARYDS FÖRSAMLING,68407000,0
HULTSJÖ FÖRSAMLING,68408000,0
VETLANDA FÖRSAMLING,68501000,0
BÄCKSEDA FÖRSAMLING,68503000,0
NÄSBY FÖRSAMLING F LÄN,68504000,0
FRÖDERYDS FÖRSAMLING,68505000,0
BÄCKABY FÖRSAMLING,68506000,0
RAMKVILLA FÖRSAMLING,68507000,0
SÖDRA SOLBERGA FÖRSAMLING,68508000,0
KORSBERGA FÖRSAMLING F LÄN,68509000,0
LEMNHULTS FÖRSAMLING,68510000,0
NÄSHULTS FÖRSAMLING,68511000,0
STENBERGA FÖRSAMLING,68512000,0
SKIRÖ FÖRSAMLING,68513000,0
NYE FÖRSAMLING,68514000,0
ALSEDA FÖRSAMLING,68515000,0
ÖKNA FÖRSAMLING,68516000,0
KARLSTORPS FÖRSAMLING,68517000,0
SKEDE FÖRSAMLING,68518000,0
BJÖRKÖ FÖRSAMLING,68519000,0
NÄVELSJÖ FÖRSAMLING,68520000,0
LANNASKEDE FÖRSAMLING,68521000,0
MYRESJÖ FÖRSAMLING,68522000,0
EKSJÖ STADSFÖRSAMLING,68601001,0
EKSJÖ LANDSFÖRSAMLING,68601002,0
HÄSSLEBY FÖRSAMLING,68602000,0
KRÅKSHULTS FÖRSAMLING,68603000,0
BELLÖ FÖRSAMLING,68604000,0
INGATORPS FÖRSAMLING,68605000,0
HULTS FÖRSAMLING,68606000,0
EDSHULTS FÖRSAMLING,68607000,0
MELLBY FÖRSAMLING F LÄN,68608000,0
HÖREDA FÖRSAMLING,68609000,0
SÄBY FÖRSAMLING F LÄN,68701000,0
ADELÖVS FÖRSAMLING,68702000,0
LINDERÅS FÖRSAMLING,68703000,0
ÅSEDA FÖRSAMLING,76001000,0
HERRÅKRA FÖRSAMLING,76002000,0
LENHOVDA FÖRSAMLING,76003000,0
NOTTEBÄCKS FÖRSAMLING,76004000,0
ÄLGHULTS FÖRSAMLING,76005000,0
HOVMANTORPS FÖRSAMLING,76102000,0
EKEBERGA FÖRSAMLING,76103000,0
LJUDERS FÖRSAMLING,76104000,0
TINGSÅS FÖRSAMLING,76301000,0
ALMUNDSRYDS FÖRSAMLING,76302000,0
ÄLMEBODA FÖRSAMLING,76303000,0
LINNERYDS FÖRSAMLING,76304000,0
SÖDRA SANDSJÖ FÖRSAMLING,76305000,0
VÄCKELSÅNGS FÖRSAMLING,76306000,0
URSHULTS FÖRSAMLING,76307000,0
ALVESTA FÖRSAMLING,76401000,0
LEKARYDS FÖRSAMLING,76402000,0
HÄRLÖVS FÖRSAMLING,76403000,0
HJORTSBERGA FÖRSAMLING,76404001,0
KVENNEBERGA FÖRSAMLING,76404002,0
MOHEDA FÖRSAMLING,76405000,0
SLÄTTHÖGS FÖRSAMLING,76406000,0
MISTELÅS FÖRSAMLING,76407000,0
BLÄDINGE FÖRSAMLING,76408000,0
VISLANDA FÖRSAMLING,76409000,0
SKATELÖVS FÖRSAMLING,76410000,0
VÄSTRA TORSÅS FÖRSAMLING,76411000,0
HÄRLUNDA FÖRSAMLING G LÄN,76502000,0
VIRESTADS FÖRSAMLING,76503000,0
STENBROHULTS FÖRSAMLING,76504000,0
GÖTERYDS FÖRSAMLING,76505000,0
PJÄTTERYDS FÖRSAMLING,76506000,0
HALLARYDS FÖRSAMLING,76507000,0
MARKARYDS FÖRSAMLING,76701000,0
HINNERYDS FÖRSAMLING,76702000,0
TRARYDS FÖRSAMLING,76703000,0
VÄXJÖ STADSFÖRSAMLING,78001001,0
VÄXJÖ LANDSFÖRSAMLING,78001002,0
FURUBY FÖRSAMLING,78002000,0
SJÖSÅS FÖRSAMLING,78003000,0
HORNARYDS FÖRSAMLING,78004000,0
DREVS FÖRSAMLING,78005000,0
DÄDESJÖ FÖRSAMLING,78006000,0
HEMMESJÖ MED TEGNABY FÖRSAMLING,78007000,0
ÖSTRA TORSÅS FÖRSAMLING,78008000,0
NÖBBELE FÖRSAMLING,78009000,0
URÅSA FÖRSAMLING,78010000,0
JÄTS FÖRSAMLING,78011000,0
KALVSVIKS FÖRSAMLING,78012000,0
TÄVELSÅS FÖRSAMLING,78013000,0
DÄNNINGELANDA FÖRSAMLING,78014000,0
VEDERSLÖVS FÖRSAMLING,78015000,0
ÖJA FÖRSAMLING G LÄN,78016000,0
BERGUNDA FÖRSAMLING,78017000,0
ÖJABY FÖRSAMLING,78018000,0
TJUREDA FÖRSAMLING,78019000,0
GÅRDSBY FÖRSAMLING,78020000,0
SÖRABY FÖRSAMLING,78021000,0
TOLGS FÖRSAMLING,78022000,0
ASA FÖRSAMLING,78023000,0
ANEBODA FÖRSAMLING,78024000,0
BERGS FÖRSAMLING G LÄN,78025000,0
ORMESBERGA FÖRSAMLING,78026000,0
ÖRS FÖRSAMLING G LÄN,78027000,0
LJUNGBY FÖRSAMLING G LÄN,78101000,0
AGUNNARYDS FÖRSAMLING,78102000,0
RYSSBY FÖRSAMLING G LÄN,78103000,0
TUTARYDS FÖRSAMLING,78104000,0
SÖDRA LJUNGA FÖRSAMLING,78105000,0
HAMNEDA FÖRSAMLING,78106000,0
KÅNNA FÖRSAMLING,78107000,0
BERGA FÖRSAMLING G LÄN,78108000,0
DÖRARPS FÖRSAMLING,78109000,0
VITTARYDS FÖRSAMLING,78110000,0
ANGELSTADS FÖRSAMLING,78111000,0
ANNERSTADS FÖRSAMLING,78112000,0
NÖTTJA FÖRSAMLING,78113000,0
TORPA FÖRSAMLING G LÄN,78114000,0
VRÅ FÖRSAMLING,78115000,0
LIDHULTS FÖRSAMLING,78116000,0
ODENSJÖ FÖRSAMLING,78117000,0
BOLMSÖ FÖRSAMLING,78118000,0
TANNÅKERS FÖRSAMLING,78119000,0
FÅGELFORS FÖRSAMLING,82101000,0
HÖGSBY FÖRSAMLING,82102000,0
LÅNGEMÅLA FÖRSAMLING,82103000,0
FAGERHULTS FÖRSAMLING,82104000,0
GULLABO FÖRSAMLING,83401000,0
TORSÅS FÖRSAMLING,83402000,0
SÖDERÅKRA FÖRSAMLING,83471000,0
VICKLEBY FÖRSAMLING,84001000,0
RESMO FÖRSAMLING,84002000,0
MÖRBYLÅNGA FÖRSAMLING,84003000,0
STENÅSA FÖRSAMLING,84004000,0
HULTERSTADS FÖRSAMLING,84005000,0
KASTLÖSA FÖRSAMLING,84006000,0
SMEDBY FÖRSAMLING,84007000,0
SÖDRA MÖCKLEBY FÖRSAMLING,84008000,0
SEGERSTADS FÖRSAMLING H LÄN,84009000,0
GRÄSGÅRDS FÖRSAMLING,84010000,0
VENTLINGE FÖRSAMLING,84011000,0
ÅS FÖRSAMLING H LÄN,84012000,0
GLÖMMINGE FÖRSAMLING,84013000,0
ALGUTSRUMS FÖRSAMLING,84014000,0
TORSLUNDA FÖRSAMLING,84015000,0
NORRA MÖCKLEBY FÖRSAMLING,84016000,0
GÅRDBY FÖRSAMLING,84017000,0
SANDBY FÖRSAMLING,84018000,0
LÖNNEBERGA FÖRSAMLING,86002000,0
MÅLILLA MED GÅRDVEDA FÖRSAMLING,86003000,0
JÄREDA FÖRSAMLING,86004000,0
VIRSERUMS FÖRSAMLING,86005000,0
VENA FÖRSAMLING,86006000,0
TVETA FÖRSAMLING H LÄN,86007000,0
MÖRLUNDA FÖRSAMLING,86008000,0
MÖNSTERÅS FÖRSAMLING,86101000,0
FLISERYDS FÖRSAMLING,86102000,0
ÅLEMS FÖRSAMLING,86103000,0
VISSEFJÄRDA FÖRSAMLING,86202000,0
ALGUTSBODA FÖRSAMLING,86203000,0
LÅNGASJÖ FÖRSAMLING,86204000,0
KALMAR STADSFÖRSAMLING,88001001,0
KALMAR LANDSFÖRSAMLING,88001002,0
KLÄCKEBERGA FÖRSAMLING,88002000,0
DÖRBY FÖRSAMLING,88003000,0
HOSSMO FÖRSAMLING,88004000,0
RYSSBY FÖRSAMLING H LÄN,88005000,0
ÅBY FÖRSAMLING,88006000,0
FÖRLÖSA FÖRSAMLING,88007000,0
LJUNGBY FÖRSAMLING H LÄN,88008000,0
HAGBY FÖRSAMLING H LÄN,88009000,0
VOXTORPS FÖRSAMLING H LÄN,88010000,0
HALLTORPS FÖRSAMLING,88011000,0
ARBY FÖRSAMLING,88012000,0
MORTORPS FÖRSAMLING,88013000,0
KARLSLUNDA FÖRSAMLING,88014000,0
KRÅKSMÅLA FÖRSAMLING,88102000,0
BÄCKEBO FÖRSAMLING,88103000,0
KRISTVALLA FÖRSAMLING,88104000,0
MADESJÖ FÖRSAMLING,88105000,0
ÖRSJÖ FÖRSAMLING H LÄN,88106000,0
SANKT SIGFRIDS FÖRSAMLING,88107000,0
OSKARS FÖRSAMLING,88108000,0
HÄLLEBERGA FÖRSAMLING,88109000,0
OSKARSHAMNS FÖRSAMLING,88201000,0
KRISTDALA FÖRSAMLING,88204000,0
DÖDERHULTS FÖRSAMLING,88271000,0
MISTERHULTS FÖRSAMLING,88272000,0
VÄSTERVIKS FÖRSAMLING,88301000,0
TÖRNSFALLS FÖRSAMLING,88302000,0
GLADHAMMARS FÖRSAMLING,88303000,0
VÄSTRUMS FÖRSAMLING,88304000,0
UKNA FÖRSAMLING,88305000,0
DALHEMS FÖRSAMLING H LÄN,88306000,0
VÄSTRA EDS FÖRSAMLING,88308000,0
LOFTAHAMMARS FÖRSAMLING,88309000,0
LOFTA FÖRSAMLING,88310000,0
GAMLEBY FÖRSAMLING,88311000,0
ODENSVI FÖRSAMLING H LÄN,88312000,0
HALLINGEBERGS FÖRSAMLING,88314000,0
HJORTEDS FÖRSAMLING,88315000,0
BLACKSTADS FÖRSAMLING,88316000,0
VIMMERBY STADSFÖRSAMLING,88401001,0
VIMMERBY LANDSFÖRSAMLING,88401002,0
RUMSKULLA FÖRSAMLING,88403000,0
PELARNE FÖRSAMLING,88404000,0
FRÖDINGE FÖRSAMLING,88405000,0
LOCKNEVI FÖRSAMLING,88406000,0
DJURSDALA FÖRSAMLING,88407000,0
SÖDRA VI FÖRSAMLING,88408000,0
TUNA FÖRSAMLING H LÄN,88409000,0
BORGHOLMS FÖRSAMLING,88501000,0
FÖRA FÖRSAMLING,88502000,0
ALBÖKE FÖRSAMLING,88503000,0
LÖTS FÖRSAMLING H LÄN,88504000,0
EGBY FÖRSAMLING,88505000,0
BREDSÄTRA FÖRSAMLING,88506000,0
KÖPINGS FÖRSAMLING H LÄN,88507000,0
RÄPPLINGE FÖRSAMLING,88508000,0
HÖGSRUMS FÖRSAMLING,88509000,0
GÄRDSLÖSA FÖRSAMLING,88510000,0
LÅNGLÖTS FÖRSAMLING,88511000,0
RUNSTENS FÖRSAMLING,88512000,0
BÖDA FÖRSAMLING,88513000,0
HÖGBY FÖRSAMLING H LÄN,88514000,0
KÄLLA FÖRSAMLING,88515000,0
PERSNÄS FÖRSAMLING,88516000,0
VISBY STADSFÖRSAMLING,98001003,0
VISBY LANDSFÖRSAMLING,98001005,0
OTHEMS FÖRSAMLING,98002000,0
BOGE FÖRSAMLING,98003000,0
FÅRÖ FÖRSAMLING,98004000,0
BUNGE FÖRSAMLING,98005000,0
RUTE FÖRSAMLING,98006000,0
FLERINGE FÖRSAMLING,98007000,0
HALLS FÖRSAMLING,98008000,0
HANGVARS FÖRSAMLING,98009000,0
LÄRBRO FÖRSAMLING,98010000,0
HELLVI FÖRSAMLING,98011000,0
BÄLS FÖRSAMLING,98012000,0
HEJNUMS FÖRSAMLING,98013000,0
TINGSTÄDE FÖRSAMLING,98014000,0
STENKYRKA FÖRSAMLING I LÄN,98015000,0
LUMMELUNDA FÖRSAMLING,98016000,0
MARTEBO FÖRSAMLING,98017000,0
VÄSKINDE FÖRSAMLING,98018000,0
BRO FÖRSAMLING I LÄN,98019000,0
LOKRUME FÖRSAMLING,98020000,0
FOLE FÖRSAMLING,98021000,0
EKEBY FÖRSAMLING I LÄN,98022000,0
KÄLLUNGE FÖRSAMLING,98023000,0
VALLSTENA FÖRSAMLING,98024000,0
GOTHEMS FÖRSAMLING,98025000,0
HÖRSNE MED BARA FÖRSAMLING,98026000,0
NORRLANDA FÖRSAMLING,98027000,0
GANTHEMS FÖRSAMLING,98028000,0
DALHEMS FÖRSAMLING I LÄN,98029000,0
BARLINGBO FÖRSAMLING,98030000,0
ENDRE FÖRSAMLING,98031000,0
HEJDEBY FÖRSAMLING,98032000,0
FOLLINGBO FÖRSAMLING,98033000,0
AKEBÄCKS FÖRSAMLING,98034000,0
ROMA FÖRSAMLING,98035000,0
BJÖRKE FÖRSAMLING,98036000,0
VIKLAU FÖRSAMLING,98037000,0
HALLA FÖRSAMLING I LÄN,98038000,0
SJONHEMS FÖRSAMLING,98039000,0
VÄNGE FÖRSAMLING I LÄN,98040000,0
GULDRUPE FÖRSAMLING,98041000,0
BUTTLE FÖRSAMLING,98042000,0
ALA FÖRSAMLING,98043000,0
KRÄKLINGBO FÖRSAMLING,98044000,0
ANGA FÖRSAMLING,98045000,0
GAMMELGARNS FÖRSAMLING,98046000,0
ÖSTERGARNS FÖRSAMLING,98047000,0
VÄSTERHEJDE FÖRSAMLING,98048000,0
TRÄKUMLA FÖRSAMLING,98049000,0
VALLS FÖRSAMLING,98050000,0
ATLINGBO FÖRSAMLING,98051000,0
HOGRÄNS FÖRSAMLING,98052000,0
STENKUMLA FÖRSAMLING,98053000,0
TOFTA FÖRSAMLING I LÄN,98054000,0
ESKELHEMS FÖRSAMLING,98055000,0
VÄSTERGARNS FÖRSAMLING,98056000,0
SANDA FÖRSAMLING,98057000,0
MÄSTERBY FÖRSAMLING,98058000,0
VÄTE FÖRSAMLING,98059000,0
HEJDE FÖRSAMLING,98060000,0
KLINTE FÖRSAMLING,98061000,0
FRÖJELS FÖRSAMLING,98062000,0
EKSTA FÖRSAMLING,98063000,0
SPROGE FÖRSAMLING,98064000,0
ARDRE FÖRSAMLING,98065000,0
ALSKOGS FÖRSAMLING,98066000,0
GARDE FÖRSAMLING,98067000,0
ETELHEMS FÖRSAMLING,98068000,0
LYE FÖRSAMLING,98069000,0
LAU FÖRSAMLING,98070000,0
NÄRS FÖRSAMLING,98071000,0
BURS FÖRSAMLING,98072000,0
STÅNGA FÖRSAMLING,98073000,0
LOJSTA FÖRSAMLING,98074000,0
LINDE FÖRSAMLING,98075000,0
HEMSE FÖRSAMLING,98076000,0
RONE FÖRSAMLING,98077000,0
ALVA FÖRSAMLING,98078000,0
FARDHEMS FÖRSAMLING,98079000,0
GERUMS FÖRSAMLING,98080000,0
LEVIDE FÖRSAMLING,98081000,0
SILTE FÖRSAMLING,98082000,0
HABLINGBO FÖRSAMLING,98083000,0
HAVDHEMS FÖRSAMLING,98084000,0
EKE FÖRSAMLING,98085000,0
GRÖTLINGBO FÖRSAMLING,98086000,0
NÄS FÖRSAMLING I LÄN,98087000,0
FIDE FÖRSAMLING,98088000,0
ÖJA FÖRSAMLING I LÄN,98089000,0
HAMRA FÖRSAMLING I LÄN,98090000,0
VAMLINGBO FÖRSAMLING,98091000,0
SUNDRE FÖRSAMLING,98092000,0
KYRKHULTS FÖRSAMLING,106003000,0
JÄMSHÖGS FÖRSAMLING,106071000,0
KARLSKRONA STADSFÖRSAMLING,108001000,0
TJURKÖ FÖRSAMLING,108001002,0
ASPÖ FÖRSAMLING K LÄN,108004000,0
LÖSENS FÖRSAMLING,108005000,0
AUGERUMS FÖRSAMLING,108006000,0
KRISTIANOPELS FÖRSAMLING,108008000,0
JÄMJÖ FÖRSAMLING,108009000,0
TORHAMNS FÖRSAMLING,108010000,0
STURKÖ FÖRSAMLING,108011000,0
RAMDALA FÖRSAMLING,108012000,0
RÖDEBY FÖRSAMLING,108014000,0
FRIDLEVSTADS FÖRSAMLING,108015000,0
SILLHÖVDA FÖRSAMLING,108016000,0
TVINGS FÖRSAMLING,108017000,0
NÄTTRABY FÖRSAMLING,108018000,0
HASSLÖ FÖRSAMLING,108019000,0
BACKARYDS FÖRSAMLING,108103000,0
ÖLJEHULTS FÖRSAMLING,108104000,0
ERINGSBODA FÖRSAMLING,108105000,0
FÖRKÄRLA FÖRSAMLING,108106000,0
LISTERBY FÖRSAMLING,108107000,0
EDESTADS FÖRSAMLING,108108000,0
HJORTSBERGA FÖRSAMLING,108109000,0
BRÄKNE HOBY FÖRSAMLING,108110000,0
RONNEBY FÖRSAMLING,108171000,0
KARLSHAMNS FÖRSAMLING,108201000,0
RINGAMÅLA FÖRSAMLING,108202000,0
HÄLLARYDS FÖRSAMLING,108203000,0
ÅRYDS FÖRSAMLING,108204000,0
ASARUMS FÖRSAMLING,108205000,0
MÖRRUMS FÖRSAMLING,108206000,0
ELLEHOLMS FÖRSAMLING,108207000,0
SÖLVESBORGS FÖRSAMLING,108301000,0
SÖLVESBORGS LANDSFÖRSAMLING,108301001,0
GAMMALSTORPS FÖRSAMLING,108302000,0
YSANE FÖRSAMLING,108303000,0
MJÄLLBY FÖRSAMLING,108304000,0
KNISLINGE FÖRSAMLING,112101000,0
GRYTS FÖRSAMLING L LÄN,112102000,0
KVIINGE FÖRSAMLING,112103000,0
HJÄRSÅS FÖRSAMLING,112104000,0
EMMISLÖVS FÖRSAMLING,112105000,0
ÖSTRA BROBY FÖRSAMLING,112106000,0
GLIMÅKRA FÖRSAMLING,112107000,0
ÖRKELLJUNGA FÖRSAMLING,113701000,0
RYA FÖRSAMLING,113702000,0
SKÅNES FAGERHULTS FÖRSAMLING,113703000,0
ULLSTORPS FÖRSAMLING,116001000,0
BENESTADS FÖRSAMLING,116002000,0
RAMSÅSA FÖRSAMLING,116003000,0
TRYDE FÖRSAMLING,116004000,0
SPJUTSTORPS FÖRSAMLING,116006000,0
TRANÅS FÖRSAMLING,116007000,0
ONSLUNDA FÖRSAMLING,116008000,0
SMEDSTORPS FÖRSAMLING,116009000,0
KVERRESTADS FÖRSAMLING,116010000,0
ELJARÖDS FÖRSAMLING,116011000,0
FÅGELTOFTA FÖRSAMLING,116012000,0
ANDRARUMS FÖRSAMLING,116013000,0
BRÖSARPS FÖRSAMLING,116014000,0
ÖSTRA INGELSTADS FÖRSAMLING,116015000,0
BOLLERUPS FÖRSAMLING,116016000,0
TOSTERUPS FÖRSAMLING,116017000,0
ÖVRABY FÖRSAMLING L LÄN,116018000,0
IVETOFTA FÖRSAMLING,116201000,0
GUALÖVS FÖRSAMLING,116202000,0
NÄSUMS FÖRSAMLING,116203000,0
OSBY FÖRSAMLING,116301000,0
ÖRKENEDS FÖRSAMLING,116302000,0
LOSHULTS FÖRSAMLING,116303000,0
VISSELTOFTA FÖRSAMLING,116304000,0
PERSTORPS FÖRSAMLING,116501000,0
ODERLJUNGA FÖRSAMLING,116501002,0
KLIPPANS FÖRSAMLING,116601000,0
VEDBY FÖRSAMLING,116602000,0
VÄSTRA SÖNNARSLÖVS FÖRSAMLING,116603000,0
FÄRINGTOFTA FÖRSAMLING,116604000,0
RISEBERGA FÖRSAMLING,116605000,0
ÖSTRA LJUNGBY FÖRSAMLING,116607000,0
KÄLLNA FÖRSAMLING,116607002,0
BJÖRNEKULLA FÖRSAMLING,116701000,0
VÄSTRA BROBY FÖRSAMLING,116702000,0
KVIDINGE FÖRSAMLING,116703000,0
BÅSTADS FÖRSAMLING,116801000,0
FÖRSLÖVS FÖRSAMLING,116802000,0
GREVIE FÖRSAMLING,116803000,0
VÄSTRA KARUPS FÖRSAMLING,116804000,0
HOVS FÖRSAMLING L LÄN,116805000,0
TOREKOVS FÖRSAMLING,116806000,0
ÖSTRA KARUPS FÖRSAMLING,116807000,0
KRISTIANSTADS HELIGA TREFALDIGHETS FÖRSAMLING,118001000,0
NORRA ÅSUMS FÖRSAMLING,118002000,0
ÄSPHULTS FÖRSAMLING,118003000,0
DJURRÖDS FÖRSAMLING,118004000,0
TRÄNE FÖRSAMLING,118005000,0
SKEPPARSLÖVS FÖRSAMLING,118006000,0
VÄ FÖRSAMLING,118007000,0
KÖPINGE FÖRSAMLING,118008000,0
NOSABY FÖRSAMLING,118009000,0
FJÄLKESTADS FÖRSAMLING,118010000,0
ÖSTERSLÖVS FÖRSAMLING,118011000,0
NORRA STRÖ FÖRSAMLING,118012000,0
ÖNNESTADS FÖRSAMLING,118013000,0
FÄRLÖVS FÖRSAMLING,118014000,0
ÅHUS FÖRSAMLING,118015000,0
ÖSTRA SÖNNARSLÖVS FÖRSAMLING,118016000,0
EVERÖDS FÖRSAMLING,118017000,0
LYNGSJÖ FÖRSAMLING,118018000,0
RINKABY FÖRSAMLING L LÄN,118019000,0
NYMÖ FÖRSAMLING,118020000,0
TROLLE LJUNGBY FÖRSAMLING,118021000,0
IVÖ FÖRSAMLING,118022000,0
KIABY FÖRSAMLING,118023000,0
FJÄLKINGE FÖRSAMLING,118024000,0
GUSTAV ADOLFS FÖRSAMLING L LÄN,118025000,0
MAGLEHEMS FÖRSAMLING,118026000,0
HÖRRÖDS FÖRSAMLING,118027000,0
HUARÖDS FÖRSAMLING,118028000,0
DEGEBERGA FÖRSAMLING,118029000,0
VITTSKÖVLE FÖRSAMLING,118030000,0
ÖSTRA VRAMS FÖRSAMLING,118031000,0
VÄSTRA VRAMS FÖRSAMLING,118032000,0
LINDERÖDS FÖRSAMLING,118033000,0
VÅNGA FÖRSAMLING L LÄN,118034000,0
OPPMANNA FÖRSAMLING,118035000,0
SIMRISHAMNS FÖRSAMLING,118101000,0
SIMRIS FÖRSAMLING,118102000,0
ÖSTRA NÖBBELÖVS FÖRSAMLING,118103000,0
JÄRRESTADS FÖRSAMLING,118104000,0
GLADSAXS FÖRSAMLING,118105000,0
ÖSTRA HOBY FÖRSAMLING,118106000,0
BORRBY FÖRSAMLING,118107000,0
BOLSHÖGS FÖRSAMLING,118108000,0
ÖSTRA TOMMARPS FÖRSAMLING,118109000,0
ÖSTRA VEMMERLÖVS FÖRSAMLING,118110000,0
STIBY FÖRSAMLING,118111000,0
RAVLUNDA FÖRSAMLING,118112000,0
ÖSTRA HERRESTADS FÖRSAMLING,118113000,0
HANNAS FÖRSAMLING,118114000,0
HAMMENHÖGS FÖRSAMLING,118115000,0
VALLBY FÖRSAMLING L LÄN,118116000,0
SANKT OLOFS FÖRSAMLING L LÄN,118117000,0
RÖRUMS FÖRSAMLING,118118000,0
SÖDRA MELLBY FÖRSAMLING,118119000,0
VITABY FÖRSAMLING,118120000,0
ÄNGELHOLMS FÖRSAMLING,118201000,0
REBBELBERGA FÖRSAMLING,118202000,0
HÖJA FÖRSAMLING,118203000,0
TÅSSJÖ FÖRSAMLING,118204000,0
MUNKA LJUNGBY FÖRSAMLING,118205000,0
STRÖVELSTORPS FÖRSAMLING,118206000,0
AUSÅS FÖRSAMLING,118207000,0
STARBY FÖRSAMLING,118208000,0
BARKÅKRA FÖRSAMLING,118209000,0
TÅSTARPS FÖRSAMLING,118210000,0
HJÄRNARPS FÖRSAMLING,118211000,0
ÖSSJÖ FÖRSAMLING,118212000,0
IGNABERGA FÖRSAMLING,118302000,0
STOBY FÖRSAMLING,118303000,0
NORRA SANDBY FÖRSAMLING,118304000,0
VINSLÖVS FÖRSAMLING,118305000,0
GUMLÖSA FÖRSAMLING,118306000,0
SÖRBY FÖRSAMLING L LÄN,118307000,0
NÄVLINGE FÖRSAMLING,118308000,0
HÄSTVEDA FÖRSAMLING,118309000,0
FARSTORPS FÖRSAMLING,118310000,0
VERUMS FÖRSAMLING,118311000,0
VITTSJÖ FÖRSAMLING,118312000,0
NORRA ÅKARPS FÖRSAMLING,118313000,0
VANKIVA FÖRSAMLING,118314000,0
NORRA MELLBY FÖRSAMLING,118315000,0
HÄGLINGE FÖRSAMLING,118316000,0
BRÖNNESTADS FÖRSAMLING,118317000,0
MATTERÖDS FÖRSAMLING,118318000,0
FINJA FÖRSAMLING,118319000,0
HÖRJA FÖRSAMLING,118320000,0
RÖKE FÖRSAMLING,118321000,0
VÄSTRA TORUPS FÖRSAMLING,118322000,0
TIRUPS FÖRSAMLING,121401000,0
SVALÖVS FÖRSAMLING,121402000,0
FELESTADS FÖRSAMLING,121403000,0
STENESTADS FÖRSAMLING,121404000,0
KÅGERÖDS FÖRSAMLING,121405000,0
HALMSTADS FÖRSAMLING,121406000,0
SIREKÖPINGE FÖRSAMLING,121407000,0
BILLEBERGA FÖRSAMLING,121408000,0
KÄLLS NÖBBELÖVS FÖRSAMLING,121409000,0
NORRA SKRÄVLINGE FÖRSAMLING,121410000,0
NORRVIDINGE FÖRSAMLING,121411000,0
KONGA FÖRSAMLING,121412000,0
RÖSTÅNGA FÖRSAMLING,121413000,0
ASKS FÖRSAMLING M LÄN,121414000,0
TORRLÖSA FÖRSAMLING,121415000,0
ESARPS FÖRSAMLING,123001000,0
KYRKHEDDINGE FÖRSAMLING,123002000,0
BJÄLLERUPS FÖRSAMLING,123003000,0
KNÄSTORPS FÖRSAMLING,123004000,0
UPPÅKRA FÖRSAMLING,123006000,0
FLACKARPS FÖRSAMLING,123006002,0
BRÅGARPS FÖRSAMLING,123007001,0
NEVISHÖGS FÖRSAMLING,123007002,0
MÖLLEBERGA FÖRSAMLING,123009000,0
SÄRSLÖVS FÖRSAMLING,123010000,0
GÖRSLÖVS FÖRSAMLING,123011000,0
TOTTARPS FÖRSAMLING,123012000,0
BURLÖVS FÖRSAMLING,123101000,0
GESSIE FÖRSAMLING,123301000,0
ESKILSTORPS FÖRSAMLING,123302000,0
HÖKÖPINGE FÖRSAMLING,123303000,0
VELLINGE FÖRSAMLING,123304000,0
SKANÖRS FÖRSAMLING,123305000,0
FALSTERBO FÖRSAMLING,123306000,0
HÅSLÖVS FÖRSAMLING,123307000,0
STORA HAMMARS FÖRSAMLING,123308000,0
RÄNGS FÖRSAMLING,123309000,0
SÖDRA ÅKARPS FÖRSAMLING,123310000,0
MELLAN GREVIE FÖRSAMLING,123311000,0
ÖSTRA GREVIE FÖRSAMLING,123312000,0
VÄSTRA INGELSTADS FÖRSAMLING,123313000,0
ARRIE FÖRSAMLING,123314000,0
BJUVS FÖRSAMLING,126001000,0
RISEKATSLÖSA FÖRSAMLING,126002000,0
NORRA VRAMS FÖRSAMLING,126003000,0
EKEBY FÖRSAMLING M LÄN,126004000,0
KÄVLINGE FÖRSAMLING,126101000,0
DAGSTORPS FÖRSAMLING,126102000,0
VÄSTRA KARABY FÖRSAMLING,126103000,0
LACKALÄNGA FÖRSAMLING,126104000,0
STÄVIE FÖRSAMLING,126105000,0
SÖDERVIDINGE FÖRSAMLING,126106000,0
VIRKE FÖRSAMLING,126107000,0
LILLA HARRIE FÖRSAMLING,126108000,0
STORA HARRIE FÖRSAMLING,126109000,0
HOFTERUPS FÖRSAMLING,126110000,0
BARSEBÄCKS FÖRSAMLING,126111000,0
LÖDDEKÖPINGE FÖRSAMLING,126112000,0
HÖGS FÖRSAMLING M LÄN,126113000,0
LOMMA FÖRSAMLING,126201000,0
BORGEBY FÖRSAMLING,126202000,0
FLÄDIE FÖRSAMLING,126203000,0
FJELIE FÖRSAMLING,126204000,0
SVEDALA FÖRSAMLING,126301000,0
BÖRRINGE FÖRSAMLING,126302000,0
VÄSTRA KÄRRSTORPS FÖRSAMLING,126303000,0
TÖRRINGE FÖRSAMLING,126304000,0
BJÄRSHÖGS FÖRSAMLING,126305000,0
SKABERSJÖ FÖRSAMLING,126306000,0
BARA FÖRSAMLING,126307000,0
HYBY FÖRSAMLING,126308000,0
SKURUPS FÖRSAMLING,126401000,0
HASSLE BÖSARPS FÖRSAMLING,126402000,0
SVENSTORPS FÖRSAMLING,126403000,0
VÄSTRA VEMMENHÖGS FÖRSAMLING,126404000,0
ÖSTRA VEMMENHÖGS FÖRSAMLING,126405000,0
SKIVARPS FÖRSAMLING,126406000,0
VÄSTRA NÖBBELÖVS FÖRSAMLING,126407000,0
KATSLÖSA FÖRSAMLING,126408000,0
SOLBERGA FÖRSAMLING M LÄN,126409000,0
ÖRSJÖ FÖRSAMLING M LÄN,126410000,0
SLIMMINGE FÖRSAMLING,126411000,0
VILLIE FÖRSAMLING,126412000,0
ILSTORPS FÖRSAMLING,126501000,0
BJÖRKA FÖRSAMLING,126502000,0
SÖDRA ÅSUMS FÖRSAMLING,126503000,0
SÖVDE FÖRSAMLING,126504000,0
BLENTARPS FÖRSAMLING,126505000,0
EVERLÖVS FÖRSAMLING,126506000,0
TOLÅNGA FÖRSAMLING,126507000,0
RÖDDINGE FÖRSAMLING,126508000,0
VANSTADS FÖRSAMLING,126509000,0
LÖVESTADS FÖRSAMLING,126510000,0
FRÄNNINGE FÖRSAMLING,126511000,0
VOLLSJÖ FÖRSAMLING,126512000,0
BRANDSTADS FÖRSAMLING,126513000,0
ÖVEDS FÖRSAMLING,126514000,0
ÖSTRA KÄRRSTORPS FÖRSAMLING,126515000,0
HÖRBY FÖRSAMLING,126602000,0
ÖSTRA SALLERUPS FÖRSAMLING,126603000,0
LÅNGARÖDS FÖRSAMLING,126604000,0
SVENSKÖPS FÖRSAMLING,126605000,0
ÄSPINGE FÖRSAMLING,126606000,0
SÖDRA RÖRUMS FÖRSAMLING,126607000,0
FULLTOFTA FÖRSAMLING,126608000,0
LYBY FÖRSAMLING,126609000,0
ÖSTRABY FÖRSAMLING,126610000,0
VÄSTERSTADS FÖRSAMLING,126611000,0
HÖÖRS FÖRSAMLING,126702000,0
GUDMUNTORPS FÖRSAMLING,126703000,0
BOSJÖKLOSTERS FÖRSAMLING,126704000,0
MUNKARPS FÖRSAMLING,126705000,0
HALLARÖDS FÖRSAMLING,126706000,0
NORRA RÖRUMS FÖRSAMLING,126707000,0
TJÖRNARPS FÖRSAMLING,126708000,0
MALMÖ SANKT PETRI FÖRSAMLING,128001000,0
MALMÖ SANKT PAULI FÖRSAMLING,128004000,0
LIMHAMNS FÖRSAMLING,128007000,0
FOSIE FÖRSAMLING,128008000,0
VÄSTRA SKRÄVLINGE FÖRSAMLING,128009000,0
HUSIE FÖRSAMLING,128010000,0
SÖDRA SALLERUPS FÖRSAMLING,128011000,0
OXIE FÖRSAMLING,128014000,0
GLOSTORPS FÖRSAMLING,128014002,0
LOCKARPS FÖRSAMLING,128014003,0
BUNKEFLO FÖRSAMLING,128019000,0
VÄSTRA KLAGSTORPS FÖRSAMLING,128020000,0
TYGELSJÖ FÖRSAMLING,128021000,0
LUNDS DOMKYRKOFÖRSAMLING,128101000,0
LUNDS LANDSFÖRSAMLING,128101003,0
SANKT PETERS KLOSTERS FÖRSAMLING,128102000,0
STORA RÅBY FÖRSAMLING,128103000,0
NORRA NÖBBELÖVS FÖRSAMLING,128105000,0
VALLKÄRRA FÖRSAMLING,128106000,0
STÅNGBY FÖRSAMLING,128107000,0
VÄSTRA HOBY FÖRSAMLING,128108000,0
HÅSTADS FÖRSAMLING,128109000,0
IGELÖSA FÖRSAMLING,128110000,0
ODARSLÖVS FÖRSAMLING,128111000,0
HARDEBERGA FÖRSAMLING,128112000,0
SÖDRA SANDBY FÖRSAMLING,128113000,0
REVINGE FÖRSAMLING,128114000,0
HÄLLESTADS FÖRSAMLING M LÄN,128115000,0
DALBY FÖRSAMLING M LÄN,128116000,0
BONDERUPS FÖRSAMLING,128117000,0
GÖDELÖVS FÖRSAMLING,128118000,0
LYNGBY FÖRSAMLING,128119000,0
GENARPS FÖRSAMLING,128120000,0
VEBERÖDS FÖRSAMLING,128121000,0
VOMBS FÖRSAMLING,128122000,0
SILVÅKRA FÖRSAMLING,128123000,0
LANDSKRONA FÖRSAMLING,128201000,0
SANKT IBBS FÖRSAMLING,128202000,0
ANNELÖVS FÖRSAMLING,128203000,0
SAXTORPS FÖRSAMLING,128204000,0
TOFTA FÖRSAMLING M LÄN,128205000,0
ASMUNDTORPS FÖRSAMLING,128206000,0
GLUMSLÖVS FÖRSAMLING,128207000,0
HÄRSLÖVS FÖRSAMLING,128208000,0
SÄBY FÖRSAMLING M LÄN,128209000,0
VADENSJÖ FÖRSAMLING,128210000,0
ÖRJA FÖRSAMLING,128211000,0
HELSINGBORGS MARIA FÖRSAMLING,128301000,0
RAUS FÖRSAMLING,128303000,0
VÄLINGE FÖRSAMLING,128304000,0
KATTARPS FÖRSAMLING,128305000,0
ALLERUMS FÖRSAMLING,128306000,0
FLENINGE FÖRSAMLING,128307000,0
KROPPS FÖRSAMLING,128308000,0
VÄLLUVS FÖRSAMLING,128309000,0
FRILLESTADS FÖRSAMLING,128310000,0
HÄSSLUNDA FÖRSAMLING,128311000,0
MÖRARPS FÖRSAMLING,128312000,0
BÅRSLÖVS FÖRSAMLING,128313000,0
OTTARPS FÖRSAMLING,128314000,0
FJÄRESTADS FÖRSAMLING,128315000,0
KVISTOFTA FÖRSAMLING,128316000,0
HÖGANÄS FÖRSAMLING,128401000,0
VÄSBY FÖRSAMLING,128402000,0
VIKENS FÖRSAMLING,128403000,0
BRUNNBY FÖRSAMLING,128404000,0
JONSTORPS FÖRSAMLING,128405000,0
FARHULTS FÖRSAMLING,128406000,0
ESLÖVS FÖRSAMLING,128501000,0
REMMARLÖVS FÖRSAMLING,128501002,0
STEHAGS FÖRSAMLING,128502000,0
BOSARPS FÖRSAMLING,128503000,0
TROLLENÄS FÖRSAMLING,128504000,0
VÄSTRA STRÖ FÖRSAMLING,128505000,0
ÖRTOFTA FÖRSAMLING,128507000,0
BILLINGE FÖRSAMLING,128508000,0
HURVA FÖRSAMLING,128509000,0
RESLÖVS FÖRSAMLING,128511000,0
ÖSTRA KARABY FÖRSAMLING,128512000,0
HÖGSERÖDS FÖRSAMLING,128513000,0
HARLÖSA FÖRSAMLING,128514000,0
HAMMARLUNDA FÖRSAMLING,128515000,0
HOLMBY FÖRSAMLING,128516000,0
GÅRDSTÅNGA FÖRSAMLING,128517000,0
SKEGLINGE FÖRSAMLING,128518000,0
BORLUNDA FÖRSAMLING,128519000,0
SKARHULTS FÖRSAMLING,128520000,0
ÖSTRA STRÖ FÖRSAMLING,128521000,0
YSTADS FÖRSAMLING,128601000,0
SKÅRBY FÖRSAMLING,128602000,0
SJÖRUPS FÖRSAMLING,128603000,0
SNÅRESTADS FÖRSAMLING,128604000,0
BALKÅKRA FÖRSAMLING,128605000,0
BJÄRESJÖ FÖRSAMLING,128606000,0
HEDESKOGA FÖRSAMLING,128607000,0
BROMMA FÖRSAMLING M LÄN,128608000,0
ÖJA FÖRSAMLING M LÄN,128609000,0
STORA HERRESTADS FÖRSAMLING,128610000,0
STORA KÖPINGE FÖRSAMLING,128611000,0
HÖGESTADS FÖRSAMLING,128612000,0
BORRIE FÖRSAMLING,128613000,0
SÖVESTADS FÖRSAMLING,128614000,0
BALDRINGE FÖRSAMLING,128615000,0
HÖRUPS FÖRSAMLING,128616000,0
LÖDERUPS FÖRSAMLING,128617000,0
VALLEBERGA FÖRSAMLING,128618000,0
INGELSTORPS FÖRSAMLING,128619000,0
GLEMMINGE FÖRSAMLING,128620000,0
TRELLEBORGS FÖRSAMLING,128701000,0
MAGLARPS FÖRSAMLING,128702000,0
VÄSTRA TOMMARPS FÖRSAMLING,128703000,0
VÄSTRA VEMMERLÖVS FÖRSAMLING,128704000,0
HAMMARLÖVS FÖRSAMLING,128705000,0
SKEGRIE FÖRSAMLING,128706000,0
BODARPS FÖRSAMLING,128707000,0
FUGLIE FÖRSAMLING,128708000,0
VÄSTRA ALSTADS FÖRSAMLING,128710001,0
FRU ALSTADS FÖRSAMLING,128710002,0
LILLA SLÅGARPS FÖRSAMLING,128710003,0
STORA SLÅGARPS FÖRSAMLING,128710004,0
GYLLE FÖRSAMLING,128713000,0
KYRKOKÖPINGE FÖRSAMLING,128714000,0
DALKÖPINGE FÖRSAMLING,128715000,0
GISLÖVS FÖRSAMLING,128716000,0
SIMLINGE FÖRSAMLING,128717000,0
BÖSARPS FÖRSAMLING,128718000,0
SÖDRA ÅBY FÖRSAMLING,128719000,0
LILLA ISIE FÖRSAMLING,128720000,0
ÖSTRA TORPS FÖRSAMLING,128721000,0
HEMMESDYNGE FÖRSAMLING,128722000,0
ÖSTRA KLAGSTORPS FÖRSAMLING,128723000,0
ÄSPÖ FÖRSAMLING,128724000,0
LILLA BEDDINGE FÖRSAMLING,128725000,0
TULLSTORPS FÖRSAMLING,128726000,0
KÄLLSTORPS FÖRSAMLING,128727000,0
ÖNNARPS FÖRSAMLING,128728000,0
GÄRDSLÖVS FÖRSAMLING,128729000,0
GRÖNBY FÖRSAMLING,128730000,0
ANDERSLÖVS FÖRSAMLING,128731000,0
TORUPS FÖRSAMLING,131501000,0
KINNAREDS FÖRSAMLING,131502000,0
DRÄNGSEREDS FÖRSAMLING,131503000,0
LÅNGARYDS FÖRSAMLING,131504000,0
FÄRGARYDS FÖRSAMLING,131505000,0
FEMSJÖ FÖRSAMLING,131506000,0
SÖDRA UNNARYDS FÖRSAMLING,131507000,0
JÄLLUNTOFTA FÖRSAMLING,131508000,0
SANKT NIKOLAI FÖRSAMLING,138001000,0
SNÖSTORPS FÖRSAMLING,138003000,0
BREAREDS FÖRSAMLING,138004000,0
TÖNNERSJÖ FÖRSAMLING,138006000,0
ELDSBERGA FÖRSAMLING,138007000,0
TRÖNNINGE FÖRSAMLING,138008000,0
SÖNDRUMS FÖRSAMLING,138009000,0
VAPNÖ FÖRSAMLING,138010000,0
HARPLINGE FÖRSAMLING,138011000,0
STENINGE FÖRSAMLING,138012000,0
RÄVINGE FÖRSAMLING,138013000,0
GETINGE FÖRSAMLING,138014000,0
KVIBILLE FÖRSAMLING,138015000,0
HOLMS FÖRSAMLING N LÄN,138016000,0
SLÄTTÅKRA FÖRSAMLING,138017000,0
ÖVRABY FÖRSAMLING N LÄN,138018000,0
ENSLÖVS FÖRSAMLING,138019000,0
LAHOLMS STADSFÖRSAMLING,138101001,0
LAHOLMS LANDSFÖRSAMLING,138101002,0
VÅXTORPS FÖRSAMLING,138103000,0
HASSLÖVS FÖRSAMLING,138104000,0
SKUMMESLÖVS FÖRSAMLING,138105000,0
HISHULTS FÖRSAMLING,138106000,0
RÄNNESLÖVS FÖRSAMLING,138107000,0
YSBY FÖRSAMLING,138108000,0
KNÄREDS FÖRSAMLING,138109000,0
TJÄRBY FÖRSAMLING,138110000,0
VEINGE FÖRSAMLING,138111000,0
FALKENBERGS FÖRSAMLING,138201000,0
SKREA FÖRSAMLING,138202000,0
ABILDS FÖRSAMLING,138203000,0
ASIGE FÖRSAMLING,138204000,0
ÅRSTADS FÖRSAMLING,138205000,0
SLÖINGE FÖRSAMLING,138206000,0
EFTRA FÖRSAMLING,138207000,0
STAFSINGE FÖRSAMLING,138208000,0
MORUPS FÖRSAMLING,138209000,0
LJUNGBY FÖRSAMLING N LÄN,138210000,0
VINBERGS FÖRSAMLING,138211000,0
ALFSHÖGS FÖRSAMLING,138212000,0
VESSIGE FÖRSAMLING,138213000,0
ASKOME FÖRSAMLING,138214000,0
KÖINGE FÖRSAMLING,138215000,0
SVARTRÅ FÖRSAMLING,138216000,0
OKOME FÖRSAMLING,138217000,0
GÄLLAREDS FÖRSAMLING,138218000,0
KROGSEREDS FÖRSAMLING,138219000,0
GUNNARPS FÖRSAMLING,138220000,0
FAGEREDS FÖRSAMLING,138221000,0
KÄLLSJÖ FÖRSAMLING,138222000,0
ULLAREDS FÖRSAMLING,138223000,0
ÄLVSEREDS FÖRSAMLING,138224000,0
VARBERGS FÖRSAMLING,138301000,0
TRÄSLÖVS FÖRSAMLING,138302000,0
NÖSSLINGE FÖRSAMLING,138303000,0
SKÄLLINGE FÖRSAMLING,138304000,0
ROLFSTORPS FÖRSAMLING,138305000,0
GÖDESTADS FÖRSAMLING,138306000,0
HUNNESTADS FÖRSAMLING,138307000,0
GRIMETONS FÖRSAMLING,138308000,0
DAGSÅS FÖRSAMLING,138309000,0
SIBBARPS FÖRSAMLING,138310000,0
TVÅÅKERS FÖRSAMLING,138311000,0
SPANNARPS FÖRSAMLING,138312000,0
LINDBERGS FÖRSAMLING,138313000,0
TORPA FÖRSAMLING N LÄN,138314000,0
VALINGE FÖRSAMLING,138315000,0
STAMNAREDS FÖRSAMLING,138316000,0
SÄLLSTORPS FÖRSAMLING,138317000,0
ÅS FÖRSAMLING N LÄN,138318000,0
VEDDIGE FÖRSAMLING,138319000,0
VÄRÖ FÖRSAMLING,138320000,0
STRÅVALLA FÖRSAMLING,138321000,0
GRIMMAREDS FÖRSAMLING,138322000,0
KARL GUSTAVS FÖRSAMLING,138323000,0
KUNGSÄTERS FÖRSAMLING,138324000,0
GUNNARSJÖ FÖRSAMLING,138325000,0
KUNGSBACKA FÖRSAMLING,138401000,0
TÖLÖ FÖRSAMLING,138402000,0
ÄLVSÅKERS FÖRSAMLING,138403000,0
VALLDA FÖRSAMLING,138404000,0
SLÄPS FÖRSAMLING,138405000,0
FRILLESÅS FÖRSAMLING,138406000,0
LANDA FÖRSAMLING N LÄN,138407000,0
ÖLMEVALLA FÖRSAMLING,138408000,0
GÄLLINGE FÖRSAMLING,138409000,0
IDALA FÖRSAMLING,138410000,0
FÖRLANDA FÖRSAMLING,138411000,0
FJÄRÅS FÖRSAMLING,138412000,0
HANHALS FÖRSAMLING,138413000,0
ONSALA FÖRSAMLING,138414000,0
HÄRRYDA FÖRSAMLING,140101000,0
LANDVETTERS FÖRSAMLING,140102000,0
RÅDA FÖRSAMLING O LÄN,140103000,0
BJÖRKETORPS FÖRSAMLING,140104000,0
PARTILLE FÖRSAMLING,140271000,0
ÖCKERÖ FÖRSAMLING,140701000,0
SPEKERÖDS FÖRSAMLING,141501000,0
NORUMS FÖRSAMLING,141502000,0
ÖDSMÅLS FÖRSAMLING,141503000,0
UCKLUMS FÖRSAMLING,141504000,0
JÖRLANDA FÖRSAMLING,141505000,0
VALLA FÖRSAMLING,141901000,0
STENKYRKA FÖRSAMLING O LÄN,141902000,0
RÖNNÄNGS FÖRSAMLING,141903000,0
KLÄDESHOLMENS FÖRSAMLING,141904000,0
KLÖVEDALS FÖRSAMLING,141905000,0
TEGNEBY FÖRSAMLING,142101000,0
RÖRA FÖRSAMLING,142102000,0
STALA FÖRSAMLING,142103000,0
LÅNGELANDA FÖRSAMLING,142104000,0
MYCKLEBY FÖRSAMLING,142105000,0
TORPS FÖRSAMLING O LÄN,142106000,0
MOLLÖSUNDS FÖRSAMLING,142107000,0
KÄRINGÖNS FÖRSAMLING,142108000,0
GULLHOLMENS FÖRSAMLING,142109000,0
MORLANDA FÖRSAMLING,142110000,0
KUNGSHAMNS FÖRSAMLING,142701000,0
ASKUMS FÖRSAMLING,142703000,0
TOSSENE FÖRSAMLING,142706000,0
FOSS FÖRSAMLING,143001000,0
HÅBY FÖRSAMLING,143002000,0
VALBO RYRS FÖRSAMLING,143003000,0
BÄRFENDALS FÖRSAMLING,143004000,0
SVARTEBORGS FÖRSAMLING,143005000,0
HEDE FÖRSAMLING O LÄN,143006000,0
SANNE FÖRSAMLING,143007000,0
KROKSTADS FÖRSAMLING,143008000,0
LURS FÖRSAMLING,143503000,0
NAVERSTADS FÖRSAMLING,143504000,0
MO FÖRSAMLING O LÄN,143505000,0
BOTTNA FÖRSAMLING,143508000,0
SVENNEBY FÖRSAMLING,143509000,0
KVILLE FÖRSAMLING,143571000,0
TANUMS FÖRSAMLING,143572000,0
DOMKYRKOFÖRSAMLINGEN I GÖTEBORG,148001000,0
NYLÖSE FÖRSAMLING,148004000,0
GÖTEBORGS HAGA FÖRSAMLING,148010000,0
GÖTEBORGS MASTHUGGS FÖRSAMLING,148012000,0
GÖTEBORGS KARL JOHANS FÖRSAMLING,148013000,0
ÖRGRYTE FÖRSAMLING,148016000,0
LUNDBY FÖRSAMLING O LÄN,148017000,0
BACKA FÖRSAMLING,148020000,0
VÄSTRA FRÖLUNDA FÖRSAMLING,148022000,0
ANGEREDS FÖRSAMLING,148026000,0
BERGUMS FÖRSAMLING,148027000,0
TORSLANDA FÖRSAMLING,148028000,0
BJÖRLANDA FÖRSAMLING,148029000,0
TUVE FÖRSAMLING,148030000,0
SÄVE FÖRSAMLING,148031000,0
RÖDBO FÖRSAMLING,148035000,0
ASKIMS FÖRSAMLING,148036000,0
STYRSÖ FÖRSAMLING,148037000,0
FÄSSBERGS FÖRSAMLING,148101000,0
KÅLLEREDS FÖRSAMLING,148102000,0
LINDOME FÖRSAMLING,148103000,0
KUNGÄLVS FÖRSAMLING,148201000,0
MARSTRANDS FÖRSAMLING,148203000,0
HARESTADS FÖRSAMLING,148204000,0
TORSBY FÖRSAMLING,148205000,0
LYCKE FÖRSAMLING,148206000,0
YTTERBY FÖRSAMLING,148207000,0
ROMELANDA FÖRSAMLING,148208000,0
KAREBY FÖRSAMLING,148209000,0
HÅLTA FÖRSAMLING,148210000,0
SOLBERGA FÖRSAMLING O LÄN,148211000,0
LYSEKILS FÖRSAMLING,148401000,0
LYSE FÖRSAMLING,148402000,0
SKAFTÖ FÖRSAMLING,148403000,0
BRO FÖRSAMLING O LÄN,148404000,0
BRASTADS FÖRSAMLING,148405000,0
UDDEVALLA FÖRSAMLING,148501000,1
GRINNERÖDS FÖRSAMLING,148502000,0
LJUNGS FÖRSAMLING O LÄN,148503000,0
RESTERÖDS FÖRSAMLING,148504000,0
FORSHÄLLA FÖRSAMLING,148505000,0
DRAGSMARKS FÖRSAMLING,148506000,0
BOKENÄS FÖRSAMLING,148507000,0
HÖGÅS FÖRSAMLING,148508000,0
SKREDSVIKS FÖRSAMLING,148509000,0
HERRESTADS FÖRSAMLING O LÄN,148510000,0
LANE RYRS FÖRSAMLING,148511000,0
STRÖMSTADS FÖRSAMLING,148601000,0
SKEE FÖRSAMLING,148602000,0
NÄSINGE FÖRSAMLING,148604000,0
LOMMELANDS FÖRSAMLING,148605000,0
HOGDALS FÖRSAMLING,148606000,0
TJÄRNÖ FÖRSAMLING,148607000,0
HÅBOLS FÖRSAMLING,150401000,0
NÖSSEMARKS FÖRSAMLING,150402000,0
DALS EDS FÖRSAMLING,150403000,0
TÖFTEDALS FÖRSAMLING,150404000,0
GESÄTERS FÖRSAMLING,150405000,0
RÖLANDA FÖRSAMLING,150406000,0
FÄRGELANDA FÖRSAMLING,150701000,0
ÖDEBORGS FÖRSAMLING,150702000,0
TORPS FÖRSAMLING P LÄN,150703000,0
JÄRBO FÖRSAMLING P LÄN,150704000,0
RÅGGÄRDS FÖRSAMLING,150705000,0
LERDALS FÖRSAMLING,150706000,0
RÄNNELANDA FÖRSAMLING,150707000,0
HÖGSÄTERS FÖRSAMLING,150708000,0
NÖDINGE FÖRSAMLING,152101000,0
HÅLANDA FÖRSAMLING,152102000,0
SKEPPLANDA FÖRSAMLING,152103000,0
KILANDA FÖRSAMLING,152104000,0
STARRKÄRRS FÖRSAMLING,152105000,0
LERUMS FÖRSAMLING,152401000,0
SKALLSJÖ FÖRSAMLING,152402000,0
STORA LUNDBY FÖRSAMLING,152403000,0
ÖSTADS FÖRSAMLING,152404000,0
LENA FÖRSAMLING P LÄN,152701000,0
BERGSTENA FÖRSAMLING,152702000,0
FULLESTADS FÖRSAMLING,152703000,0
SIENE FÖRSAMLING,152704000,0
HORLA FÖRSAMLING,152705000,0
HOLS FÖRSAMLING,152706000,0
SKOGSBYGDENS FÖRSAMLING,152707000,0
NÅRUNGA FÖRSAMLING,152708000,0
LJURS FÖRSAMLING,152709000,0
ORNUNGA FÖRSAMLING,152710000,0
ASKLANDA FÖRSAMLING,152711000,0
KVINNESTADS FÖRSAMLING,152712000,0
ALGUTSTORPS FÖRSAMLING,152713000,0
KULLINGS SKÖVDE FÖRSAMLING,152714000,0
TUMBERGS FÖRSAMLING,152714002,0
SÖDRA HÄRENE FÖRSAMLING,152715000,0
LANDA FÖRSAMLING P LÄN,152717000,0
TRANEMO FÖRSAMLING,155201000,0
AMBJÖRNARPS FÖRSAMLING,155202000,0
SJÖTOFTA FÖRSAMLING,155203000,0
MOSSEBO FÖRSAMLING,155204000,0
SÖDRA ÅSARPS FÖRSAMLING,155205000,0
LÄNGHEMS FÖRSAMLING,155206000,0
MÅNSTADS FÖRSAMLING,155207000,0
NITTORPS FÖRSAMLING,155208000,0
LJUNGSARPS FÖRSAMLING,155209000,0
ÖLSREMMA FÖRSAMLING,155210000,0
DALSTORPS FÖRSAMLING,155211000,0
HULAREDS FÖRSAMLING,155212000,0
ÄRTEMARKS FÖRSAMLING,156001000,0
LAXARBY FÖRSAMLING,156003000,0
VÅRVIKS FÖRSAMLING,156004000,0
TORRSKOGS FÖRSAMLING,156005000,0
STENEBY FÖRSAMLING,156006000,0
TISSELSKOGS FÖRSAMLING,156007000,0
ÖDSKÖLTS FÖRSAMLING,156008000,0
BÄCKE FÖRSAMLING,156009000,0
HOLMS FÖRSAMLING P LÄN,156101000,0
JÄRNS FÖRSAMLING,156102000,0
GRINSTADS FÖRSAMLING,156103000,0
ERIKSTADS FÖRSAMLING,156104000,0
BOLSTADS FÖRSAMLING,156105000,0
ÖRS FÖRSAMLING P LÄN,156106000,0
GUNNARSNÄS FÖRSAMLING,156107000,0
DALSKOGS FÖRSAMLING,156108000,0
SKÅLLERUDS FÖRSAMLING,156109000,0
FUXERNA FÖRSAMLING,156201000,0
ÅSBRÄCKA FÖRSAMLING,156202000,0
TUNGE FÖRSAMLING,156203000,0
SANKT PEDERS FÖRSAMLING,156204000,0
ALE SKÖVDE FÖRSAMLING,156205000,0
VÄSTERLANDA FÖRSAMLING,156206000,0
HJÄRTUMS FÖRSAMLING,156207000,0
KINNA FÖRSAMLING,156301000,0
SÄTILA FÖRSAMLING,156304000,0
HYSSNA FÖRSAMLING,156305000,0
SKEPHULTS FÖRSAMLING,156306000,0
FRITSLA FÖRSAMLING,156307000,0
HAJOMS FÖRSAMLING,156308000,0
BERGHEMS FÖRSAMLING,156309000,0
FOTSKÄLS FÖRSAMLING,156310000,0
TOSTAREDS FÖRSAMLING,156311000,0
SURTEBY FÖRSAMLING,156312001,0
KATTUNGA FÖRSAMLING,156312002,0
ÖXNEVALLA FÖRSAMLING,156313000,0
HORREDS FÖRSAMLING,156314000,0
ISTORPS FÖRSAMLING,156315000,0
ÄLEKULLA FÖRSAMLING,156316000,0
TORESTORPS FÖRSAMLING,156317000,0
ÖXABÄCKS FÖRSAMLING,156318000,0
ÖRBY FÖRSAMLING,156371000,0
SVENLJUNGA FÖRSAMLING,156501000,0
HOLSLJUNGA FÖRSAMLING,156502000,0
MJÖBÄCKS FÖRSAMLING,156503000,0
MÅRDAKLEVS FÖRSAMLING,156504000,0
KALVS FÖRSAMLING,156505000,0
ÖSTRA FRÖLUNDA FÖRSAMLING,156506000,0
HÅCKSVIKS FÖRSAMLING,156507000,0
ÖRSÅS FÖRSAMLING,156508000,0
REVESJÖ FÖRSAMLING,156509000,0
REDSLAREDS FÖRSAMLING,156510000,0
ULLASJÖ FÖRSAMLING,156511000,0
SEXDREGA FÖRSAMLING,156512000,0
ROASJÖ FÖRSAMLING,156513000,0
HILLAREDS FÖRSAMLING,156514000,0
BRÅTTENSBY FÖRSAMLING,156601000,0
EGGVENA FÖRSAMLING,156602000,0
FÖLENE FÖRSAMLING,156603000,0
REMMENE FÖRSAMLING,156604000,0
HERRLJUNGA FÖRSAMLING,156606000,0
TARSLEDS FÖRSAMLING,156606002,0
HUDENE FÖRSAMLING,156607000,0
KÄLLUNGA FÖRSAMLING,156608000,0
MJÄLDRUNGA FÖRSAMLING,156609000,0
ERIKSBERGS FÖRSAMLING,156610000,0
SKÖLVENE FÖRSAMLING,156611000,0
NORRA SÄMS FÖRSAMLING,156611002,0
SÖDRA BJÖRKE FÖRSAMLING,156612000,0
JÄLLBY FÖRSAMLING,156613000,0
GRUDE FÖRSAMLING,156614000,0
VESENE FÖRSAMLING,156615000,0
MOLLA FÖRSAMLING,156616000,0
ODS FÖRSAMLING,156617000,0
HOVS FÖRSAMLING P LÄN,156618000,0
ALBOGA FÖRSAMLING,156620000,0
BRODDARPS FÖRSAMLING,156621000,0
ÖRA FÖRSAMLING,156622000,0
VÄNERSBORGS FÖRSAMLING,158001000,1
VASSÄNDA NAGLUMS FÖRSAMLING,158001002,1
VÄNE RYRS FÖRSAMLING,158002000,1
GESTADS FÖRSAMLING,158003000,0
BRÅLANDA FÖRSAMLING,158004000,0
SUNDALS RYRS FÖRSAMLING,158005000,0
FRÄNDEFORS FÖRSAMLING,158006000,0
VÄNERSNÄS FÖRSAMLING,158007000,0
VÄSTRA TUNHEMS FÖRSAMLING,158009000,1
TROLLHÄTTANS FÖRSAMLING,158101000,1
NORRA BJÖRKE FÖRSAMLING,158102000,1
VÄNE ÅSAKA FÖRSAMLING,158103000,1
GÄRDHEMS FÖRSAMLING,158104000,1
UPPHÄRADS FÖRSAMLING,158105000,0
ROMMELE FÖRSAMLING,158106000,0
FORS FÖRSAMLING P LÄN,158107000,1
LAGMANSEREDS FÖRSAMLING,158108000,0
ALINGSÅS STADSFÖRSAMLING,158201001,0
RÖDENE FÖRSAMLING,158201002,0
BÄLINGE FÖRSAMLING P LÄN,158201003,0
ALINGSÅS LANDSFÖRSAMLING,158201005,0
STORA MELLBY FÖRSAMLING,158205000,0
MAGRA FÖRSAMLING,158206000,0
LÅNGAREDS FÖRSAMLING,158207000,0
ERSKA FÖRSAMLING,158208000,0
HEMSJÖ FÖRSAMLING,158209000,0
ÖDENÄS FÖRSAMLING,158210000,0
BORÅS FÖRSAMLING,158301003,0
BRÄMHULTS FÖRSAMLING,158303000,0
RÅNGEDALA FÖRSAMLING,158304000,0
ÄSPEREDS FÖRSAMLING,158305000,0
TOARPS FÖRSAMLING,158306000,0
DANNIKE FÖRSAMLING,158307000,0
LJUSHULTS FÖRSAMLING,158308000,0
GINGRI FÖRSAMLING,158309000,0
TÄRBY FÖRSAMLING,158310000,0
FRISTADS FÖRSAMLING,158311000,0
BORGSTENA FÖRSAMLING,158312000,0
TÄMTA FÖRSAMLING,158313000,0
VÄNGA FÖRSAMLING,158314000,0
BREDAREDS FÖRSAMLING,158315000,0
SANDHULTS FÖRSAMLING,158316000,0
TÖLLSJÖ FÖRSAMLING,158317000,0
BOLLEBYGD FÖRSAMLING,158318000,0
SEGLORA FÖRSAMLING,158319000,0
KINNARUMMA FÖRSAMLING,158320000,0
ULRICEHAMNS FÖRSAMLING,158401000,0
BRUNNS FÖRSAMLING,158401002,0
VISTS FÖRSAMLING P LÄN,158401003,0
KÄRRÅKRA FÖRSAMLING,158402000,0
MÖNE FÖRSAMLING,158404000,0
SÖDRA VÅNGA FÖRSAMLING,158404002,0
HÄLLSTADS FÖRSAMLING,158405000,0
MURUMS FÖRSAMLING,158406000,0
FÄNNESLUNDA FÖRSAMLING,158408000,0
GROVARE FÖRSAMLING,158408002,0
HÄRNA FÖRSAMLING,158409000,0
SÖDRA VINGS FÖRSAMLING,158410000,0
VARNUMS FÖRSAMLING,158411000,0
SÖDRA SÄMS FÖRSAMLING,158412000,0
FINNEKUMLA FÖRSAMLING,158413000,0
TVÄRREDS FÖRSAMLING,158414000,0
MARBÄCKS FÖRSAMLING P LÄN,158415000,0
GÄLLSTADS FÖRSAMLING,158416000,0
GRÖNAHÖGS FÖRSAMLING,158417000,0
STRÄNGSEREDS FÖRSAMLING,158418000,0
GULLEREDS FÖRSAMLING,158419000,0
HÖSSNA FÖRSAMLING,158420000,0
LIAREDS FÖRSAMLING,158421000,0
KÖLINGAREDS FÖRSAMLING,158422000,0
KNÄTTE FÖRSAMLING,158423000,0
BÖNE FÖRSAMLING,158424000,0
KÖLABY FÖRSAMLING,158425000,0
HUMLA FÖRSAMLING,158426000,0
BLIDSBERGS FÖRSAMLING,158427000,0
DALUMS FÖRSAMLING,158428000,0
TIMMELE FÖRSAMLING,158429000,0
ÅMÅLS STADSFÖRSAMLING,158501002,0
ÅMÅLS LANDSFÖRSAMLING,158501003,0
MO FÖRSAMLING P LÄN,158503000,0
TÖSSE MED TYDJE FÖRSAMLING,158504000,0
ÅNIMSKOGS FÖRSAMLING,158505000,0
FRÖSKOGS FÖRSAMLING,158506000,0
EDSLESKOGS FÖRSAMLING,158507000,0
TÄNGS FÖRSAMLING,160201000,0
HÅLE FÖRSAMLING,160202000,0
SÄRESTADS FÖRSAMLING,160203000,1
FLAKEBERGS FÖRSAMLING,160204000,1
BJÄRBY FÖRSAMLING,160205000,1
ÅS FÖRSAMLING R LÄN,160206000,1
SALS FÖRSAMLING,160207000,0
FLO FÖRSAMLING,160208000,1
TENGENE FÖRSAMLING,160209000,1
TRÖKÖRNA FÖRSAMLING,160210000,0
LÄNGNUMS FÖRSAMLING,160211000,0
HYRINGA FÖRSAMLING,160212000,1
MALMA FÖRSAMLING R LÄN,160301000,1
FRÄMMESTADS FÖRSAMLING,160302000,0
BÄREBERGS FÖRSAMLING,160303000,1
ESSUNGA FÖRSAMLING,160304000,1
KYRKÅS FÖRSAMLING R LÄN,160305000,0
FÅGLUMS FÖRSAMLING,160306000,0
BARNE ÅSAKA FÖRSAMLING,160307000,0
LEKÅSA FÖRSAMLING,160308000,0
UTVÄNGSTORPS FÖRSAMLING,162201000,0
SANDHEMS FÖRSAMLING R LÄN,162202000,0
NYKYRKA FÖRSAMLING R LÄN,162203000,0
BJURBÄCKS FÖRSAMLING,162204000,0
HABO FÖRSAMLING,162301000,0
GUSTAV ADOLFS FÖRSAMLING R LÄN,162302000,0
BRANDSTORPS FÖRSAMLING,162303000,0
KARLSBORGS FÖRSAMLING,163701000,0
BREVIKS FÖRSAMLING,163702000,0
MÖLLTORPS FÖRSAMLING,163703000,0
UNDENÄS FÖRSAMLING,163704000,0
AMNEHÄRADS FÖRSAMLING,164301000,1
HOVA FÖRSAMLING,164302000,1
SÖDRA RÅDA FÖRSAMLING,164303000,1
VARA FÖRSAMLING,166001000,1
SPARLÖSA FÖRSAMLING,166002000,1
SLÄDENE FÖRSAMLING,166003000,0
LEVENE FÖRSAMLING,166004000,1
LONGS FÖRSAMLING,166005000,1
HÄLLUMS FÖRSAMLING,166006000,1
SKARSTADS FÖRSAMLING,166007000,1
ÖNUMS FÖRSAMLING,166008000,1
NAUMS FÖRSAMLING,166009000,1
SÖDRA KEDUMS FÖRSAMLING,166010000,1
RYDA FÖRSAMLING,166011000,1
ELINGS FÖRSAMLING,166012000,0
BITTERNA FÖRSAMLING,166013000,0
LASKE VEDUMS FÖRSAMLING,166014000,1
SÖDRA LUNDBY FÖRSAMLING,166015000,1
LARVS FÖRSAMLING,166024000,1
LÄNGJUMS FÖRSAMLING R LÄN,166025000,0
TRÅVADS FÖRSAMLING,166026000,1
JUNGS FÖRSAMLING,166027000,0
FYRUNGA FÖRSAMLING,166028000,1
KVÄNUMS FÖRSAMLING,166029000,1
ÖTTUMS FÖRSAMLING,166030000,0
NORRA VÅNGA FÖRSAMLING,166031000,0
EDSVÄRA FÖRSAMLING,166032000,1
SILS FÖRSAMLING,166101000,1
GÖTENE FÖRSAMLING,166102000,1
KINNE VEDUMS FÖRSAMLING,166103000,0
HOLMESTADS FÖRSAMLING,166104000,0
VÄTTLÖSA FÖRSAMLING,166105000,0
SKEBY FÖRSAMLING,166106000,1
HANGELÖSA FÖRSAMLING,166107000,0
OVA FÖRSAMLING,166108000,0
LEDSJÖ FÖRSAMLING,166109000,0
SKÄLVUMS FÖRSAMLING,166110000,0
BROBY FÖRSAMLING R LÄN,166111000,0
KÄLLBY FÖRSAMLING,166112000,1
HUSABY FÖRSAMLING,166113000,1
KINNE KLEVA FÖRSAMLING,166114000,1
KESTADS FÖRSAMLING,166115000,1
FULLÖSA FÖRSAMLING,166116000,1
FORSHEMS FÖRSAMLING,166117000,1
ÖSTERPLANA FÖRSAMLING,166118000,1
MEDELPLANA FÖRSAMLING,166119000,1
VÄSTERPLANA FÖRSAMLING,166120000,1
TIBRO FÖRSAMLING,166201000,0
RANSBERGS FÖRSAMLING,166202000,0
TÖREBODA FÖRSAMLING,166301000,1
FREDSBERGS FÖRSAMLING,166302000,1
BÄCKS FÖRSAMLING,166303000,0
SVENEBY FÖRSAMLING,166304000,0
HJÄLSTADS FÖRSAMLING,166305000,0
TRÄSTENA FÖRSAMLING,166306000,0
FÄGRE FÖRSAMLING,166307000,0
MO FÖRSAMLING R LÄN,166308000,0
BÄLLEFORS FÖRSAMLING,166309000,0
EKESKOGS FÖRSAMLING,166310000,0
BEATEBERGS FÖRSAMLING,166311000,0
HALNA FÖRSAMLING,166312000,0
ÄLGARÅS FÖRSAMLING,166313000,0
MARIESTADS FÖRSAMLING,168001000,1
LEKSBERGS FÖRSAMLING,168002000,1
ULLERVADS FÖRSAMLING,168003000,1
UTBY FÖRSAMLING R LÄN,168004000,0
EKBY FÖRSAMLING R LÄN,168005000,0
TIDAVADS FÖRSAMLING,168006000,0
ODENSÅKERS FÖRSAMLING,168007000,0
LÅSTADS FÖRSAMLING,168008000,0
EKS FÖRSAMLING,168009000,0
LUGNÅS FÖRSAMLING,168010000,0
BREDSÄTERS FÖRSAMLING,168011000,1
BJÖRSÄTERS FÖRSAMLING R LÄN,168012000,1
TORSÖ FÖRSAMLING R LÄN,168013000,0
ENÅSA FÖRSAMLING,168014000,1
HASSLE FÖRSAMLING,168015000,1
BERGA FÖRSAMLING R LÄN,168016000,1
FÄREDS FÖRSAMLING,168017000,0
LYRESTADS FÖRSAMLING,168018000,1
LIDKÖPINGS FÖRSAMLING,168101000,1
UVEREDS FÖRSAMLING,168102000,1
JÄRPÅS FÖRSAMLING,168103000,1
HÄGGESLEDS FÖRSAMLING,168104000,0
RÅDA FÖRSAMLING R LÄN,168105000,1
MELLBY FÖRSAMLING R LÄN,168106000,1
KÅLLANDS ÅSAKA FÖRSAMLING,168107000,1
SKALUNDA FÖRSAMLING,168108000,0
RACKEBY FÖRSAMLING,168109000,0
STRÖ FÖRSAMLING R LÄN,168110000,0
OTTERSTADS FÖRSAMLING,168111000,0
SUNNERSBERGS FÖRSAMLING,168112000,0
GÖSSLUNDA FÖRSAMLING,168113000,0
SALEBY FÖRSAMLING R LÄN,168114000,1
TRÄSSBERGS FÖRSAMLING,168115000,1
HÄRJEVADS FÖRSAMLING,168116000,1
KARABY FÖRSAMLING R LÄN,168117000,1
TUNS FÖRSAMLING,168118000,1
FRIELS FÖRSAMLING,168119000,1
HOVBY FÖRSAMLING R LÄN,168120000,1
NORRA HÄRENE FÖRSAMLING,168121000,1
LINDÄRVA FÖRSAMLING,168122000,1
HASSLÖSA FÖRSAMLING,168123000,0
SÄVARE FÖRSAMLING,168124000,1
LAVADS FÖRSAMLING,168125000,0
GILLSTADS FÖRSAMLING,168126000,1
TRANUMS FÖRSAMLING,168127000,1
TÅDENE FÖRSAMLING,168128000,0
NORRA KEDUMS FÖRSAMLING,168129000,0
VÄLA FÖRSAMLING,168130000,0
ÖRSLÖSA FÖRSAMLING,168131000,0
SÖNE FÖRSAMLING,168132000,0
SKARA STADSFÖRSAMLING,168201001,1
SKARA LANDSFÖRSAMLING,168201002,1
ISTRUMS FÖRSAMLING,168202000,1
ÖGLUNDA FÖRSAMLING,168203000,0
EGGBY FÖRSAMLING,168204000,1
VARNHEMS FÖRSAMLING,168205000,1
NORRA LUNDBY FÖRSAMLING,168206000,0
SKÄRVS FÖRSAMLING,168207000,1
NORRA VINGS FÖRSAMLING,168208000,1
STENUMS FÖRSAMLING,168209000,1
SKÅNINGS ÅSAKA FÖRSAMLING,168210000,1
HÄNDENE FÖRSAMLING,168211000,1
SYNNERBY FÖRSAMLING R LÄN,168212000,1
MARUMS FÖRSAMLING,168213000,0
HÄRLUNDA FÖRSAMLING R LÄN,168214000,1
BJÄRKA FÖRSAMLING,168214002,1
VINKÖLS FÖRSAMLING,168215000,0
VÄSTRA GERUMS FÖRSAMLING,168216000,0
SKALLMEJA FÖRSAMLING,168217000,1
SKÖVDE LANDSFÖRSAMLING,168301003,1
VÅMBS FÖRSAMLING,168303000,1
RYDS FÖRSAMLING R LÄN,168304000,1
HÄGGUMS FÖRSAMLING,168305000,1
RÅDENE FÖRSAMLING,168306000,1
SJOGERSTADS FÖRSAMLING,168307000,0
NORRA KYRKETORPS FÖRSAMLING,168308000,1
HAGELBERGS FÖRSAMLING,168309000,0
LJUNGHEMS FÖRSAMLING R LÄN,168310000,0
EDÅSA FÖRSAMLING,168311000,0
VAROLA FÖRSAMLING,168312000,0
FORSBY FÖRSAMLING,168313000,0
SVENTORPS FÖRSAMLING,168314000,0
VÄRSÅS FÖRSAMLING,168315000,0
LOCKETORPS FÖRSAMLING,168316000,0
VÄRINGS FÖRSAMLING,168317000,0
HORNS FÖRSAMLING R LÄN,168318000,0
BINNEBERGS FÖRSAMLING,168319000,0
FRÖSVE FÖRSAMLING,168320000,0
SÄTERS FÖRSAMLING R LÄN,168321000,0
BERGS FÖRSAMLING R LÄN,168322000,0
LERDALA FÖRSAMLING,168323000,0
TIMMERSDALA FÖRSAMLING,168324000,0
BÖJA FÖRSAMLING,168325000,0
FLISTADS FÖRSAMLING R LÄN,168326000,0
GÖTLUNDA FÖRSAMLING R LÄN,168327000,0
VADS FÖRSAMLING,168328000,0
HJO STADSFÖRSAMLING,168401001,0
HJO LANDSFÖRSAMLING,168401002,0
GREVBÄCKS FÖRSAMLING,168403000,0
MOFALLA FÖRSAMLING,168404000,0
FÅGELÅS FÖRSAMLING,168406001,0
FRIDENE FÖRSAMLING,168407000,0
KORSBERGA FÖRSAMLING R LÄN,168408000,0
TIDAHOLMS FÖRSAMLING,168501000,0
HÄRJA FÖRSAMLING,168502000,0
DARETORPS FÖRSAMLING,168503000,0
VELINGA FÖRSAMLING,168504000,0
BALTAKS FÖRSAMLING,168505000,1
AGNETORPS FÖRSAMLING,168506000,0
FRÖJEREDS FÖRSAMLING,168507000,0
OTTRAVADS FÖRSAMLING,168508000,1
SUNTAKS FÖRSAMLING,168509000,0
VÄTTAKS FÖRSAMLING,168510000,0
KYMBO FÖRSAMLING,168511000,0
VALSTADS FÖRSAMLING,168512000,0
HÅNGSDALA FÖRSAMLING,168513000,0
ÖSTRA GERUMS FÖRSAMLING,168514000,1
DIMBO FÖRSAMLING,168515000,1
VARVS FÖRSAMLING R LÄN,168516000,0
ACKLINGA FÖRSAMLING,168517000,0
HÖMBS FÖRSAMLING,168518000,0
KUNGSLENA FÖRSAMLING,168519000,0
FALKÖPINGS STADSFÖRSAMLING,168601001,1
FALKÖPINGS LANDSFÖRSAMLING,168601002,1
FRIGGERÅKERS FÖRSAMLING,168602000,1
TRÄVATTNA FÖRSAMLING,168603000,0
HÄLLESTADS FÖRSAMLING R LÄN,168604000,0
FLOBY FÖRSAMLING,168605000,0
SÖRBY FÖRSAMLING R LÄN,168606000,0
GÖKHEMS FÖRSAMLING,168607000,0
ULLENE FÖRSAMLING,168608000,0
VILSKE KLEVA FÖRSAMLING,168609000,0
MARKA FÖRSAMLING,168610000,1
GÖTEVE FÖRSAMLING,168611000,0
GROLANDA FÖRSAMLING,168612000,0
JÄLA FÖRSAMLING,168613000,0
BÖRSTIGS FÖRSAMLING,168614000,0
BRISMENE FÖRSAMLING,168615000,0
KINNEVEDS FÖRSAMLING,168616000,0
VÅRKUMLA FÖRSAMLING,168617000,0
LUTTRA FÖRSAMLING,168618000,0
KARLEBY FÖRSAMLING,168620000,1
ÅSLE FÖRSAMLING,168621000,1
TIARPS FÖRSAMLING,168622000,0
MULARPS FÖRSAMLING,168623000,1
SLÖTA FÖRSAMLING,168624000,0
KÄLVENE FÖRSAMLING,168625000,0
NÄS FÖRSAMLING R LÄN,168626000,0
VARTOFTA ÅSAKA FÖRSAMLING,168627000,0
YLLESTADS FÖRSAMLING,168628000,0
VISTORPS FÖRSAMLING,168629000,0
SKÖRSTORPS FÖRSAMLING,168630000,0
HÖGSTENA FÖRSAMLING,168631000,0
DALA FÖRSAMLING,168632000,0
BORGUNDA FÖRSAMLING,168633000,0
STENSTORPS FÖRSAMLING,168634000,1
BRUNNHEMS FÖRSAMLING,168635000,1
SEGERSTADS FÖRSAMLING R LÄN,168636000,0
SÖDRA KYRKETORPS FÖRSAMLING,168637000,0
VALTORPS FÖRSAMLING,168638000,0
HÅKANTORPS FÖRSAMLING,168639000,0
TORBJÖRNTORPS FÖRSAMLING,168640000,0
GUDHEMS FÖRSAMLING,168641000,0
ÖSTRA TUNHEMS FÖRSAMLING,168642000,1
UGGLUMS FÖRSAMLING,168643000,1
BJURUMS FÖRSAMLING R LÄN,168644000,1
BOLUMS FÖRSAMLING,168647002,0
SÄTUNA FÖRSAMLING,168647003,0
HORNBORGA FÖRSAMLING,168647004,0
FIVLEREDS FÖRSAMLING,168649000,0
SOLBERGA FÖRSAMLING R LÄN,168650000,0
NORRA ÅSARPS FÖRSAMLING,168651000,0
SMULA FÖRSAMLING,168652000,0
STORA KILS FÖRSAMLING,171501000,0
FRYKERUDS FÖRSAMLING,171502000,0
BODA FÖRSAMLING S LÄN,171503000,0
EDA FÖRSAMLING,173001000,0
JÄRNSKOGS FÖRSAMLING,173003000,0
SKILLINGMARKS FÖRSAMLING,173004000,0
KÖLA FÖRSAMLING,173005000,0
FRYKSÄNDE FÖRSAMLING,173701000,0
LEKVATTNETS FÖRSAMLING,173702000,0
VITSANDS FÖRSAMLING,173703000,0
NYSKOGA FÖRSAMLING,173704000,0
ÖSTMARKS FÖRSAMLING,173705000,0
NORRA FINNSKOGA FÖRSAMLING,173706000,0
SÖDRA FINNSKOGA FÖRSAMLING,173707000,0
DALBY FÖRSAMLING S LÄN,173708000,0
NORRA NY FÖRSAMLING,173709000,0
BJURTJÄRNS FÖRSAMLING,176002000,0
LUNGSUNDS FÖRSAMLING,176003000,0
HAMMARÖ FÖRSAMLING,176101000,0
RANSÄTERS FÖRSAMLING,176201000,0
NEDRE ULLERUDS FÖRSAMLING,176302000,0
ÖVRE ULLERUDS FÖRSAMLING,176303000,0
GRUMS FÖRSAMLING,176401000,0
BORGVIKS FÖRSAMLING,176402000,0
EDS FÖRSAMLING S LÄN,176403000,0
VÄRMSKOGS FÖRSAMLING,176404000,0
SILBODALS FÖRSAMLING,176501000,0
SILLERUDS FÖRSAMLING,176502000,0
KARLANDA FÖRSAMLING,176503000,0
HOLMEDALS FÖRSAMLING,176504000,0
BLOMSKOGS FÖRSAMLING,176505000,0
TRANKILS FÖRSAMLING,176506000,0
VÄSTRA FÅGELVIKS FÖRSAMLING,176507000,0
TÖCKSMARKS FÖRSAMLING,176508000,0
ÖSTERVALLSKOGS FÖRSAMLING,176509000,0
SUNNE FÖRSAMLING S LÄN,176601000,0
VÄSTRA ÄMTERVIKS FÖRSAMLING,176602000,0
ÖSTRA ÄMTERVIKS FÖRSAMLING,176603000,0
GRÄSMARKS FÖRSAMLING,176604000,0
LYSVIKS FÖRSAMLING,176605000,0
KARLSTADS STADSFÖRSAMLING,178001002,0
KARLSTADS LANDSFÖRSAMLING,178001003,0
ÖSTRA FÅGELVIKS FÖRSAMLING,178003000,0
VÄSE FÖRSAMLING,178004000,0
ÄLVSBACKA FÖRSAMLING,178005000,0
NYEDS FÖRSAMLING,178006000,0
ALSTERS FÖRSAMLING,178007000,0
GRAVA FÖRSAMLING,178008000,0
NORS FÖRSAMLING,178009000,0
SEGERSTADS FÖRSAMLING S LÄN,178010000,0
KRISTINEHAMNS FÖRSAMLING,178101000,1
VARNUMS FÖRSAMLING,178101002,1
RUDSKOGA FÖRSAMLING,178103000,1
VISNUMS KILS FÖRSAMLING,178104000,0
VISNUMS FÖRSAMLING,178105000,1
ÖLME FÖRSAMLING,178106000,0
FILIPSTADS FÖRSAMLING,178201000,0
FÄRNEBO FÖRSAMLING,178201005,0
BRATTFORS FÖRSAMLING,178203000,0
NORDMARKS FÖRSAMLING,178204000,0
GÅSBORNS FÖRSAMLING,178205000,0
KROPPA FÖRSAMLING,178206000,0
RÄMMENS FÖRSAMLING,178207000,0
EKSHÄRADS FÖRSAMLING,178302000,0
GUSTAV ADOLFS FÖRSAMLING S LÄN,178303000,0
NORRA RÅDA FÖRSAMLING,178304000,0
SUNNEMO FÖRSAMLING,178305000,0
STAVNÄS FÖRSAMLING,178403000,0
HÖGERUDS FÖRSAMLING,178404000,0
GLAVA FÖRSAMLING,178405000,0
BOGENS FÖRSAMLING,178406000,0
GUNNARSKOGS FÖRSAMLING,178407000,0
NY FÖRSAMLING S LÄN,178408000,0
ÄLGÅ FÖRSAMLING,178409000,0
MANGSKOGS FÖRSAMLING,178410000,0
BRUNSKOGS FÖRSAMLING,178411000,0
BY FÖRSAMLING,178501001,0
TVETA FÖRSAMLING S LÄN,178502000,0
BRO FÖRSAMLING S LÄN,178503000,0
BOTILSÄTERS FÖRSAMLING,178504000,0
ÖLSERUDS FÖRSAMLING,178505000,0
MILLESVIKS FÖRSAMLING,178506000,0
ESKILSÄTERS FÖRSAMLING,178507000,0
SÖDRA NY FÖRSAMLING,178508001,0
HUGGENÄS FÖRSAMLING,178508002,0
GILLBERGA FÖRSAMLING S LÄN,178509000,0
KILA FÖRSAMLING S LÄN,178510000,0
SVANSKOGS FÖRSAMLING,178511000,0
LÅNGSERUDS FÖRSAMLING,178512000,0
RAMUNDEBODA FÖRSAMLING,186001000,0
FINNERÖDJA FÖRSAMLING,186002000,0
TIVEDS FÖRSAMLING,186003000,0
SKAGERSHULTS FÖRSAMLING,186004000,0
HALLSBERGS FÖRSAMLING,186101000,1
VIBY FÖRSAMLING T LÄN,186102000,0
SKÖLLERSTA FÖRSAMLING,186104000,1
SVENNEVADS FÖRSAMLING,186105000,1
BO FÖRSAMLING T LÄN,186106000,0
DEGERFORS FÖRSAMLING T LÄN,186201000,0
NYSUNDS FÖRSAMLING,186202000,1
HÄLLEFORS FÖRSAMLING,186301000,0
GRYTHYTTANS FÖRSAMLING,186302000,0
HJULSJÖ FÖRSAMLING,186303000,0
LJUSNARSBERGS FÖRSAMLING,186471000,0
ARVIKA FÖRSAMLING,188001001,0
LÄNGBRO FÖRSAMLING,188003000,1
EKERS FÖRSAMLING,188003004,0
ÅNSTA FÖRSAMLING,188003005,1
ALMBY FÖRSAMLING,188004000,1
MOSJÖ FÖRSAMLING,188005000,0
TÄBY FÖRSAMLING T LÄN,188006000,1
VINTROSA FÖRSAMLING,188007000,1
TYSSLINGE FÖRSAMLING,188008000,1
GRÄVE FÖRSAMLING,188009000,1
KILS FÖRSAMLING T LÄN,188010000,0
ERVALLA FÖRSAMLING,188011000,0
AXBERGS FÖRSAMLING,188012000,0
HOVSTA FÖRSAMLING,188013000,0
LÄNNÄS FÖRSAMLING T LÄN,188014000,0
ASKERS FÖRSAMLING,188015000,0
STORA MELLÖSA FÖRSAMLING,188016000,0
NORRBYÅS FÖRSAMLING,188017000,0
GÄLLERSTA FÖRSAMLING,188018000,0
HIDINGE FÖRSAMLING,188019000,1
KNISTA FÖRSAMLING,188020000,1
KRÄCKLINGE FÖRSAMLING,188021000,1
HACKVADS FÖRSAMLING,188022000,1
EDSBERGS FÖRSAMLING,188023000,1
TÅNGERÅSA FÖRSAMLING,188024000,0
KVISTBRO FÖRSAMLING,188025000,1
RINKABY FÖRSAMLING T LÄN,188026000,0
GLANSHAMMARS FÖRSAMLING,188027000,0
LILLKYRKA FÖRSAMLING,188029001,0
ÖDEBY FÖRSAMLING,188029002,0
KUMLA FÖRSAMLING T LÄN,188101000,1
HARDEMO FÖRSAMLING,188102000,1
EKEBY FÖRSAMLING T LÄN,188103000,1
ASKERSUNDS STADSFÖRSAMLING,188201002,0
ASKERSUNDS LANDSFÖRSAMLING,188201003,0
LERBÄCKS FÖRSAMLING,188203000,0
SNAVLUNDA FÖRSAMLING,188204000,0
HAMMARS FÖRSAMLING,188205000,0
KARLSKOGA FÖRSAMLING,188301000,1
JÄRNBOÅS FÖRSAMLING,188403000,0
NORA BERGS FÖRSAMLING,188404000,0
NORA STADSFÖRSAMLING,188404006,0
VIKERS FÖRSAMLING,188405000,0
LINDESBERGS LANDSFÖRSAMLING,188502005,0
LINDESBERGS STADSFÖRSAMLING,188502006,0
GULDSMEDSHYTTANS FÖRSAMLING,188503000,0
NÄSBY FÖRSAMLING T LÄN,188504000,0
FELLINGSBRO FÖRSAMLING,188505000,0
RAMSBERGS FÖRSAMLING,188507000,0
HEDS FÖRSAMLING,190401000,1
SKINNSKATTEBERGS FÖRSAMLING,190402000,1
GUNNILBO FÖRSAMLING,190403000,1
SURA FÖRSAMLING,190701000,1
RAMNÄS FÖRSAMLING,190702000,1
VÄSTERLÖVSTA FÖRSAMLING,191701000,0
HUDDUNGE FÖRSAMLING,191702000,0
ENÅKERS FÖRSAMLING,191703000,0
VITTINGE FÖRSAMLING,191704000,0
NORA FÖRSAMLING U LÄN,191705000,0
ÖSTERVÅLA FÖRSAMLING,191706000,0
HARBO FÖRSAMLING,191707000,0
KUNG KARLS FÖRSAMLING,196001000,0
TORPA FÖRSAMLING U LÄN,196003000,0
KUNGS BARKARÖ FÖRSAMLING,196004000,0
BJÖRSKOGS FÖRSAMLING,196005000,0
HALLSTAHAMMARS FÖRSAMLING,196101000,1
BERGS FÖRSAMLING U LÄN,196102000,1
KOLBÄCKS FÖRSAMLING,196103000,1
SÄBY FÖRSAMLING U LÄN,196104000,0
NORBERGS FÖRSAMLING,196201000,1
KARBENNINGS FÖRSAMLING,196202000,0
VÄSTERÅS DOMKYRKOFÖRSAMLING,198001000,1
VÄSTERÅS LUNDBY FÖRSAMLING,198002000,1
VÄSTERÅS BADELUNDA FÖRSAMLING,198003000,1
SKERIKE FÖRSAMLING,198004001,1
SANKT ILIANS FÖRSAMLING U LÄN,198004002,1
HARAKERS FÖRSAMLING,198005000,0
ROMFARTUNA FÖRSAMLING,198006000,1
SKULTUNA FÖRSAMLING,198007000,1
LILLHÄRADS FÖRSAMLING,198008000,1
DINGTUNA FÖRSAMLING,198009000,1
VÄSTERÅS BARKARÖ FÖRSAMLING,198010000,0
IRSTA FÖRSAMLING,198011000,0
KÄRRBO FÖRSAMLING,198012000,0
KUNGSÅRA FÖRSAMLING,198013000,0
ÄNGSÖ FÖRSAMLING,198014000,0
BJÖRKSTA FÖRSAMLING,198015000,0
HUBBO FÖRSAMLING,198016000,1
TILLBERGA FÖRSAMLING,198017000,1
TORTUNA FÖRSAMLING,198018000,0
SEVALLA FÖRSAMLING,198019000,0
RYTTERNE FÖRSAMLING,198020000,0
SALA STADSFÖRSAMLING,198101002,1
SALA LANDSFÖRSAMLING,198101003,0
VÄSTERFÄRNEBO FÖRSAMLING,198102000,0
FLÄCKEBO FÖRSAMLING,198103000,0
NORRBY FÖRSAMLING,198104000,0
TÄRNA FÖRSAMLING U LÄN,198105000,0
KUMLA FÖRSAMLING U LÄN,198106000,1
KILA FÖRSAMLING U LÄN,198107000,1
MÖKLINTA FÖRSAMLING,198108000,0
VÄSTANFORS FÖRSAMLING,198201000,1
VÄSTERVÅLA FÖRSAMLING,198202000,1
KÖPINGS FÖRSAMLING U LÄN,198301000,0
HIMMETA FÖRSAMLING,198302000,0
VÄSTRA SKEDVI FÖRSAMLING,198303000,0
BRO FÖRSAMLING,198304001,1
MALMA FÖRSAMLING,198304002,1
ODENSVI FÖRSAMLING U LÄN,198305000,1
MUNKTORPS FÖRSAMLING,198306000,0
ARBOGA STADSFÖRSAMLING,198401000,0
SÄTERBO FÖRSAMLING,198401002,0
ARBOGA LANDSFÖRSAMLING,198402000,0
MEDÅKERS FÖRSAMLING,198403000,0
GÖTLUNDA FÖRSAMLING U LÄN,198404000,0
NÅS FÖRSAMLING,202103000,0
ÄPPELBO FÖRSAMLING,202104000,0
JÄRNA FÖRSAMLING W LÄN,202171000,0
MALUNGS FÖRSAMLING,202302000,0
LIMA FÖRSAMLING,202303000,0
TRANSTRANDS FÖRSAMLING,202305000,0
MOCKFJÄRDS FÖRSAMLING,202601000,0
GAGNEFS FÖRSAMLING,202602000,0
FLODA FÖRSAMLING W LÄN,202603000,0
LEKSANDS FÖRSAMLING,202901000,0
DJURA FÖRSAMLING,202902000,0
ÅLS FÖRSAMLING,202903000,0
SILJANSNÄS FÖRSAMLING,202904000,0
RÄTTVIKS FÖRSAMLING,203101000,0
BODA FÖRSAMLING W LÄN,203103000,0
ORE FÖRSAMLING,203104000,0
ORSA FÖRSAMLING,203402000,0
ÄLVDALENS FÖRSAMLING,203902000,0
SÄRNA FÖRSAMLING 1652,203904000,0
IDRE FÖRSAMLING 1652,203905000,0
NORRBÄRKE FÖRSAMLING,206101000,0
SÖDERBÄRKE FÖRSAMLING,206102000,0
MALINGSBO FÖRSAMLING,206102003,0
MORA FÖRSAMLING,206201000,0
VÅMHUS FÖRSAMLING,206202000,0
SOLLERÖNS FÖRSAMLING,206203000,0
VENJANS FÖRSAMLING,206205000,0
FALU KRISTINE FÖRSAMLING,208001000,0
ASPEBODA FÖRSAMLING,208004000,0
VIKA FÖRSAMLING,208005000,0
HOSJÖ FÖRSAMLING,208006000,0
SUNDBORNS FÖRSAMLING,208007000,0
SVÄRDSJÖ FÖRSAMLING,208008000,0
SVARTNÄS FÖRSAMLING,208009000,0
ENVIKENS FÖRSAMLING,208010000,0
BJURSÅS FÖRSAMLING,208011000,0
STORA KOPPARBERGS FÖRSAMLING,208071000,0
TORSÅNGS FÖRSAMLING,208103000,0
STORA TUNA FÖRSAMLING,208171000,0
SÄTERS STADSFÖRSAMLING,208201002,0
SÄTERS LANDSFÖRSAMLING,208201003,0
STORA SKEDVI FÖRSAMLING,208202000,0
GUSTAFS FÖRSAMLING,208203000,0
SILVBERGS FÖRSAMLING,208204000,0
HEDEMORA STADSFÖRSAMLING,208301002,1
HEDEMORA LANDSFÖRSAMLING,208301003,1
GARPENBERGS FÖRSAMLING,208302000,1
HUSBY FÖRSAMLING W LÄN,208371000,1
AVESTA FÖRSAMLING,208401000,1
GRYTNÄS FÖRSAMLING,208406000,1
BY FÖRSAMLING W LÄN,208471000,1
FOLKÄRNA FÖRSAMLING,208472000,1
LUDVIKA FÖRSAMLING,208501000,0
GRANGÄRDE FÖRSAMLING,208503000,0
SÄFSNÄS FÖRSAMLING,208504000,0
ÅMOTS FÖRSAMLING,210101000,0
OCKELBO FÖRSAMLING,210102000,0
TORSÅKERS FÖRSAMLING X LÄN,210402000,1
OVANÅKERS FÖRSAMLING,212101000,0
VOXNA FÖRSAMLING,212102000,0
ALFTA FÖRSAMLING,212103000,0
ILSBO FÖRSAMLING,213201000,0
HARMÅNGERS FÖRSAMLING,213202000,0
JÄTTENDALS FÖRSAMLING,213203000,0
GNARPS FÖRSAMLING,213204000,0
BERGSJÖ FÖRSAMLING,213205000,0
HASSELA FÖRSAMLING,213206000,0
LJUSDALS FÖRSAMLING,216101000,0
LOS FÖRSAMLING,216103000,0
FÄRILA FÖRSAMLING,216104000,0
RAMSJÖ FÖRSAMLING,216106000,0
JÄRVSÖ FÖRSAMLING,216107000,0
GÄVLE FÖRSAMLING,218001001,1
HAMRÅNGE FÖRSAMLING,218003000,0
HEDESUNDA FÖRSAMLING,218004000,0
HILLE FÖRSAMLING,218005000,0
VALBO FÖRSAMLING,218006000,1
SANDVIKENS FÖRSAMLING,218101000,1
OVANSJÖ FÖRSAMLING,218102000,1
JÄRBO FÖRSAMLING X LÄN,218103000,0
ÅRSUNDA FÖRSAMLING,218104000,1
ÖSTERFÄRNEBO FÖRSAMLING,218105000,1
SÖDERHAMNS FÖRSAMLING,218201000,0
SKOGS FÖRSAMLING X LÄN,218203000,0
SÖDERALA FÖRSAMLING,218205000,0
MO FÖRSAMLING X LÄN,218207000,0
TRÖNÖ FÖRSAMLING,218208000,0
NORRALA FÖRSAMLING,218209000,0
BOLLNÄS FÖRSAMLING,218303000,0
RENGSJÖ FÖRSAMLING,218304000,0
SEGERSTA FÖRSAMLING,218305000,0
HANEBO FÖRSAMLING,218306000,0
UNDERSVIKS FÖRSAMLING,218308000,0
ARBRÅ FÖRSAMLING,218309000,0
HUDIKSVALLS FÖRSAMLING,218401000,0
IDENORS FÖRSAMLING,218402000,0
HÄLSINGTUNA FÖRSAMLING,218403000,0
ROGSTA FÖRSAMLING,218404000,0
NJUTÅNGERS FÖRSAMLING,218405000,0
NIANFORS FÖRSAMLING,218405003,0
ENÅNGERS FÖRSAMLING,218407000,0
DELSBO FÖRSAMLING,218408000,0
BJURÅKERS FÖRSAMLING,218409000,0
NORRBO FÖRSAMLING,218410000,0
FORSA FÖRSAMLING X LÄN,218411000,0
HÖGS FÖRSAMLING X LÄN,218412000,0
BORGSJÖ FÖRSAMLING,226002000,0
HAVERÖ FÖRSAMLING,226003000,0
TORPS FÖRSAMLING Y LÄN,226004000,0
TIMRÅ FÖRSAMLING,226201000,0
LJUSTORPS FÖRSAMLING,226202000,0
HÄSSJÖ FÖRSAMLING,226203000,0
TYNDERÖ FÖRSAMLING,226204000,0
HÄRNÖSANDS DOMKYRKOFÖRSAMLING,228001000,0
HÖGSJÖ FÖRSAMLING,228002000,0
HÄGGDÅNGERS FÖRSAMLING,228003000,0
STIGSJÖ FÖRSAMLING,228004000,0
VIKSJÖ FÖRSAMLING,228005000,0
SÄBRÅ FÖRSAMLING,228006000,0
HEMSÖ FÖRSAMLING,228007000,0
SUNDSVALLS GUSTAV ADOLFS FÖRSAMLING,228101000,0
SKÖNSMONS FÖRSAMLING 1905,228102000,0
SKÖNS FÖRSAMLING,228103000,0
ALNÖ FÖRSAMLING,228104000,0
SÄTTNA FÖRSAMLING,228105000,0
SELÅNGERS FÖRSAMLING,228106000,0
STÖDE FÖRSAMLING,228107000,0
TUNA FÖRSAMLING Y LÄN,228108000,0
ATTMARS FÖRSAMLING,228109000,0
NJURUNDA FÖRSAMLING,228110000,0
INDALS FÖRSAMLING,228111000,0
HOLMS FÖRSAMLING Y LÄN,228112000,0
LIDENS FÖRSAMLING Y LÄN,228113000,0
GUDMUNDRÅ FÖRSAMLING,228201000,0
NORA FÖRSAMLING Y LÄN,228202000,0
SKOGS FÖRSAMLING Y LÄN,228203000,0
NORDINGRÅ FÖRSAMLING,228204000,0
VIBYGGERÅ FÖRSAMLING,228205000,0
ULLÅNGERS FÖRSAMLING,228206000,0
BJÄRTRÅ FÖRSAMLING,228207000,0
STYRNÄS FÖRSAMLING,228208000,0
DALS FÖRSAMLING,228209000,0
TORSÅKERS FÖRSAMLING Y LÄN,228210000,0
YTTERLÄNNÄS FÖRSAMLING,228211000,0
SOLLEFTEÅ FÖRSAMLING,228301000,0
MULTRÅ FÖRSAMLING,228302000,0
GRANINGE FÖRSAMLING,228303000,0
LÅNGSELE FÖRSAMLING,228304000,0
EDS FÖRSAMLING Y LÄN,228305000,0
RESELE FÖRSAMLING,228306000,0
HELGUMS FÖRSAMLING,228307000,0
ÅDALS LIDENS FÖRSAMLING,228308000,0
JUNSELE FÖRSAMLING,228309000,0
ÖVERLÄNNÄS FÖRSAMLING,228312000,0
SÅNGA FÖRSAMLING Y LÄN,228313000,0
EDSELE FÖRSAMLING,228314000,0
RAMSELE FÖRSAMLING,228315000,0
BOTEÅ FÖRSAMLING,228371000,0
ARNÄS FÖRSAMLING,228402000,0
SKORPEDS FÖRSAMLING,228405000,0
SIDENSJÖ FÖRSAMLING,228406000,0
NÄTRA FÖRSAMLING,228407000,0
SJÄLEVADS FÖRSAMLING,228408000,0
MO FÖRSAMLING Y LÄN,228409000,0
GRUNDSUNDA FÖRSAMLING,228410000,0
GIDEÅ FÖRSAMLING,228411000,0
BJÖRNA FÖRSAMLING,228412000,0
TREHÖRNINGSJÖ FÖRSAMLING,228413000,0
ANUNDSJÖ FÖRSAMLING,228471000,0
RAGUNDA FÖRSAMLING,230301000,0
FORS FÖRSAMLING Z LÄN,230302000,0
BORGVATTNETS FÖRSAMLING,230303000,0
STUGUNS FÖRSAMLING,230304000,0
BRÄCKE FÖRSAMLING,230501000,0
NYHEMS FÖRSAMLING,230502000,0
HÄLLESJÖ FÖRSAMLING,230503000,0
HÅSJÖ FÖRSAMLING,230504000,0
SUNDSJÖ FÖRSAMLING,230505000,0
REVSUNDS FÖRSAMLING,230506000,0
BODSJÖ FÖRSAMLING,230507000,0
RÖDÖNS FÖRSAMLING,230901000,0
NÄSKOTTS FÖRSAMLING,230902000,0
ASPÅS FÖRSAMLING,230903000,0
ÅS FÖRSAMLING Z LÄN,230904000,0
LAXSJÖ FÖRSAMLING,230905000,0
FÖLLINGE FÖRSAMLING,230906000,0
HOTAGENS FÖRSAMLING,230907000,0
OFFERDALS FÖRSAMLING,230908000,0
ALSENS FÖRSAMLING,230910000,0
STRÖMS FÖRSAMLING,231301000,0
ALANÄS FÖRSAMLING,231302000,0
GÅXSJÖ FÖRSAMLING,231303000,0
HAMMERDALS FÖRSAMLING,231304000,0
FROSTVIKENS FÖRSAMLING,231305000,0
FJÄLLSJÖ FÖRSAMLING Z LÄN,231306000,0
BODUMS FÖRSAMLING,231307000,0
TÅSJÖ FÖRSAMLING,231308000,0
ÅRE FÖRSAMLING,232101000,0
MATTMARS FÖRSAMLING,232102000,0
MÖRSILS FÖRSAMLING,232103000,0
KALLS FÖRSAMLING,232104000,0
UNDERSÅKERS FÖRSAMLING,232105000,0
HALLENS FÖRSAMLING,232106000,0
MARBY FÖRSAMLING,232107000,0
BERGS FÖRSAMLING Z LÄN,232601000,0
HACKÅS FÖRSAMLING,232602000,0
OVIKENS FÖRSAMLING,232603000,0
MYSSJÖ FÖRSAMLING,232604000,0
STORSJÖ FÖRSAMLING,232605000,0
ÅSARNE FÖRSAMLING,232606000,0
KLÖVSJÖ FÖRSAMLING,232607000,0
RÄTANS FÖRSAMLING,232608000,0
SVEGS FÖRSAMLING,236101000,0
LINSELLS FÖRSAMLING,236102000,0
ÄLVROS FÖRSAMLING,236103000,0
VEMDALENS FÖRSAMLING,236104000,0
HEDE FÖRSAMLING Z LÄN,236105000,0
LJUSNEDALS FÖRSAMLING,236106000,0
TÄNNÄS FÖRSAMLING,236107000,0
ÖVERHOGDALS FÖRSAMLING,236108000,0
YTTERHOGDALS FÖRSAMLING,236109000,0
LILLHÄRDALS FÖRSAMLING,236111000,0
ÖSTERSUNDS FÖRSAMLING,238001000,0
FRÖSÖ FÖRSAMLING,238002000,0
SUNNE FÖRSAMLING Z LÄN,238003000,0
NÄS FÖRSAMLING Z LÄN,238004000,0
LOCKNE FÖRSAMLING,238005000,0
MARIEBY FÖRSAMLING,238006000,0
BRUNFLO FÖRSAMLING,238007000,0
KYRKÅS FÖRSAMLING Z LÄN,238008000,0
LITS FÖRSAMLING,238009000,0
HÄGGENÅS FÖRSAMLING,238010000,0
NORDERÖ FÖRSAMLING,238011000,0
NORDMALINGS FÖRSAMLING,240171000,0
BJURHOLMS FÖRSAMLING,240301000,0
VINDELNS FÖRSAMLING,240401000,0
ROBERTSFORS FÖRSAMLING,240903000,0
NYSÄTRA FÖRSAMLING AC LÄN,240904000,0
BYGDEÅ FÖRSAMLING,240971000,0
NORSJÖ FÖRSAMLING,241771000,0
MALÅ FÖRSAMLING,241801000,0
STENSELE FÖRSAMLING,242101000,0
TÄRNA FÖRSAMLING AC LÄN,242103000,0
SORSELE FÖRSAMLING,242201000,0
DOROTEA FÖRSAMLING,242501000,0
VÄNNÄS FÖRSAMLING,246001000,0
VILHELMINA FÖRSAMLING,246201000,0
ÅSELE FÖRSAMLING,246301000,0
FREDRIKA FÖRSAMLING,246304000,0
UMEÅ STADSFÖRSAMLING,248001000,0
UMEÅ LANDSFÖRSAMLING,248002000,0
HOLMSUNDS FÖRSAMLING,248006000,0
HOLMÖNS FÖRSAMLING,248010000,0
SÄVARS FÖRSAMLING,248071000,0
LYCKSELE FÖRSAMLING,248101000,0
ÖRTRÄSKS FÖRSAMLING,248104000,0
SKELLEFTEÅ FÖRSAMLING,248204004,0
BYSKE FÖRSAMLING,248207000,0
JÖRNS FÖRSAMLING,248209000,0
LÖVÅNGERS FÖRSAMLING,248210000,0
BURTRÄSKS FÖRSAMLING,248211000,0
ARVIDSJAURS FÖRSAMLING,250571000,0
ARJEPLOGS FÖRSAMLING,250671000,0
JOKKMOKKS FÖRSAMLING,251002000,1
ÖVERKALIXS FÖRSAMLING,251301000,0
NEDERKALIXS FÖRSAMLING,251401000,0
ÖVERTORNEÅ FÖRSAMLING,251801000,0
HIETANIEMI FÖRSAMLING,251803000,0
PAJALA FÖRSAMLING,252101000,0
MUONIONALUSTA FÖRSAMLING,252103000,0
KORPILOMBOLO FÖRSAMLING,252104000,0
TÄRENDÖ FÖRSAMLING,252105000,0
GÄLLIVARE FÖRSAMLING,252371000,1
ÄLVSBY FÖRSAMLING,256002000,0
LULEÅ STADSFÖRSAMLING,258001001,0
NEDERLULEÅ FÖRSAMLING,258003000,0
RÅNEÅ FÖRSAMLING,258004000,0
PITEÅ STADSFÖRSAMLING,258101000,0
PITEÅ LANDSFÖRSAMLING,258171000,0
ÖVERLULEÅ FÖRSAMLING,258201000,0
EDEFORS FÖRSAMLING,258203000,0
NEDERTORNEÅ HAPARANDA FÖRSAMLING,258301000,0
KARL GUSTAVS FÖRSAMLING BD LÄN,258304000,0
JUKKASJÄRVI FÖRSAMLING,258401000,1
KARESUANDO FÖRSAMLING,258403000,0
